{
  "description": "This is a system generated manifest of files expected to be present in this zip. It can be safely deleted.",
  "metadata": {
    "generated_at": "2023-08-31T11:35:24+00:00",
    "trigger": {
      "file_hashid": "unknown",
      "action": "unknown"
    }
  },
  "manifest": [
    {
      "filename": "SampleSubmission.csv",
      "filesize": 23229,
      "description": "Is an example of what your submission file should look like. The order of the rows does not matter, but the names of the \"ID\" must be correct.",
      "created_at": "2023-08-31 11:34:41 UTC",
      "updated_at": "2023-08-31 11:35:12 UTC"
    },
    {
      "filename": "VariableDescription.csv",
      "filesize": 2451,
      "description": "This file describes the variables found in train and test. ",
      "created_at": "2023-08-31 11:34:41 UTC",
      "updated_at": "2023-08-31 11:35:07 UTC"
    },
    {
      "filename": "Train.csv",
      "filesize": 1572778,
      "description": "Train contains the target. This is the dataset that you will use to train your model.",
      "created_at": "2023-08-31 11:34:42 UTC",
      "updated_at": "2023-08-31 11:34:59 UTC"
    },
    {
      "filename": "Test.csv",
      "filesize": 517932,
      "description": "Test resembles Train.csv but without the target-related columns. This is the dataset on which you will apply your model to.",
      "created_at": "2023-08-31 11:34:42 UTC",
      "updated_at": "2023-08-31 11:35:04 UTC"
    },
    {
      "filename": "DigitalGreen_Starter_Notebook.ipynb",
      "filesize": 39273,
      "description": "This is a starter notebook to help you make your first submission. ",
      "created_at": "2023-08-31 11:35:17 UTC",
      "updated_at": "2023-08-31 11:35:24 UTC"
    }
  ]
}