ID,Yield
ID_F9XXEXN2ADR2,0
ID_SO3VW2X4QO93,0
ID_UKUQ7JM8E894,0
ID_QUISMWEZR2H4,0
ID_25JGI455VKCZ,0
ID_KQEAOXF3RPV6,0
ID_FSNZCPW9HTD2,0
ID_U2TOPOA0T40S,0
ID_XVQLSUKOT04J,0
ID_EAZAU6IW58PK,0
ID_WI17R25TC2VU,0
ID_OPR9MJWG40U7,0
ID_P9K9GAHC6FX6,0
ID_SCAOUCCTJ75Z,0
ID_MUP1OS8GZR5E,0
ID_WVBSZ9VBC9HE,0
ID_9MGH1WIKFBNB,0
ID_3M2O3EPOM18C,0
ID_K9MOR4N1FWIB,0
ID_VJPUPMSQARO5,0
ID_7WIMK3DXIU3Q,0
ID_6QXVH0EUS60J,0
ID_CA9GH6Q53A1Q,0
ID_94KO4EQ6TA3S,0
ID_2WH3AXUWRS2A,0
ID_LBS8TBC6QEF1,0
ID_Y3YARETW8RAP,0
ID_BY9JJAIKBRGP,0
ID_0U5AM482W1DE,0
ID_G0I28ORJC3OP,0
ID_Q34ED4EMSA3R,0
ID_LN3LXEG984XM,0
ID_0JTIPPYRJND0,0
ID_2MRD9I2X8UXB,0
ID_KH1FHLUW2T4X,0
ID_RFM5MWSIU1JX,0
ID_IAH2UTMDVU8F,0
ID_9SNP46T1GSJI,0
ID_DSQ9ISYFW4DB,0
ID_B8XYLC3NM6XD,0
ID_HOG9LK4CTN8K,0
ID_L3RTRS1QIY6D,0
ID_03QW4RBYQEBK,0
ID_ZJSYN3ZHXK5K,0
ID_UPRM76SZ7IJJ,0
ID_YB866N9RY5TU,0
ID_4H0KNHPKF9BK,0
ID_TOIT03A3WTTD,0
ID_4P7NKCB6LMJ5,0
ID_1TIMGZJLRLWF,0
ID_25E6065LQDON,0
ID_SOB9B3H12POE,0
ID_A8RF0GQGJF5H,0
ID_GT36LGF8SM8K,0
ID_E9OHGDA3U6DG,0
ID_HXWHLMRE99CE,0
ID_3VL9DLFRG5A3,0
ID_OKPI3DR2ZQPJ,0
ID_XZO6ECCAOC94,0
ID_4X2UWYR6RIE2,0
ID_1LVAHN6PZYBS,0
ID_HRAJFKTPCNWQ,0
ID_TK4H5NRKHOE8,0
ID_9U0UBT1J8152,0
ID_3EUKVYT37JOP,0
ID_1499QWPPW755,0
ID_ULWP3J0G860C,0
ID_51FSB3P7RO7F,0
ID_FHMVP6OM4GDX,0
ID_2OICAUFVUF5S,0
ID_ZGCFHIHAIC5U,0
ID_SR592R346POT,0
ID_IW7UUDAW8LI0,0
ID_UNWZCF6L3JHJ,0
ID_Z4FXX0BNPHCO,0
ID_T18YB26T1R72,0
ID_LXZWOINVI194,0
ID_QNQJS14C9JJR,0
ID_NTPIQUV3J2G6,0
ID_PVQOEEDTISZ0,0
ID_PNB65ASGG3U5,0
ID_KWPXATBZDX9T,0
ID_0G0F9TOR4IMI,0
ID_FVLMABW5Y6X2,0
ID_O2PL38IY50T5,0
ID_CNG8Z00FPPMP,0
ID_641DSHBH8JAF,0
ID_Y14QXUKOFJ4H,0
ID_DRP3WZV4BNIE,0
ID_TMXV7UW39T80,0
ID_0L8O49SS6MQM,0
ID_UGTG0XQELY2U,0
ID_0YZYA9AXL9Z2,0
ID_KNOK4V0IWVUO,0
ID_YX4DF17Z25RV,0
ID_2YAZXP3AEDVO,0
ID_YNACZPCVVI09,0
ID_75GYXJW1DYGX,0
ID_YRCMJRFRTU2K,0
ID_1L4WBTHTDQMP,0
ID_RO0XF0TFLRG6,0
ID_NJ7G0SAVDN1Q,0
ID_UFPM6MLG1BJK,0
ID_ULY51B6WQ9FV,0
ID_CR6L4TL2VEEM,0
ID_4YRSPS7X1V7Q,0
ID_ILQ5YE78E0SD,0
ID_WDNXY8YRA10N,0
ID_WYK6LRWQ21ML,0
ID_EBA4QUGDXB5I,0
ID_2WCWAKQKRA74,0
ID_FTSIEXKUER9Y,0
ID_64BCOW7PEP3E,0
ID_0N5TFB55JBOB,0
ID_9AE1OJ45UFJ3,0
ID_NJWAR6L7X4Q6,0
ID_W8U6J9PKGGGI,0
ID_WJUUIJMPNLHW,0
ID_S7F4L5OW7OKD,0
ID_Y0OX05BLLQPI,0
ID_XJ7ULGKCALNF,0
ID_8NU1PZBDI5C7,0
ID_CPPN31R20CBA,0
ID_D20Z6VEJBE6K,0
ID_N6RSTF2IR5GL,0
ID_DJBLGDPMS85M,0
ID_34J19EEKSSHY,0
ID_P8MQS1ERUQ9F,0
ID_U07HHH2EG6K1,0
ID_IKAOSO0CFKYZ,0
ID_NHQ2WMFGNBS1,0
ID_FRJ3P7XDG7OV,0
ID_5N0W8ZFFAIQX,0
ID_OFSHZ2KZ1LQ4,0
ID_A6C1G6XUATUE,0
ID_N99MP1180BJ5,0
ID_D5F8SLVPMZKE,0
ID_49QTISSSNQ0M,0
ID_S1WHDBHNKLYO,0
ID_9YE4VBW3W1WJ,0
ID_7SWZRG2B52YI,0
ID_41XNQZ8M4QXH,0
ID_SIB0PJZQMRBO,0
ID_M47IW492SXOP,0
ID_MTUJW5V02DWQ,0
ID_Y108HSDX00WC,0
ID_QRD8JCO8QWCF,0
ID_RIP1ZN0ST7I3,0
ID_BPS356NV28J7,0
ID_0KANA1KYEQKW,0
ID_80MMCWDS27VC,0
ID_CH1WWOXBV7L8,0
ID_PM7YZSDTN1OI,0
ID_FR4XH94DJW50,0
ID_D1IDORABBOBP,0
ID_0BE8BMWG3A68,0
ID_RY2QD5TLB4US,0
ID_S8D99RRNCOMC,0
ID_YZLW773BTIA3,0
ID_FL8VHWG97QTI,0
ID_JVLT86OR9T15,0
ID_NBSTAXAZ24X0,0
ID_43VRMQQ5E60F,0
ID_HI4ACMU7M13J,0
ID_UI96L3AE8YXY,0
ID_UXRI6OXKF50S,0
ID_FW06NS2YA7QW,0
ID_RA5OO0JVNOUF,0
ID_EVGU94YQTZWM,0
ID_GHANLFEJN9UW,0
ID_HXBFX8X2DD7B,0
ID_KUNLQSF5FM19,0
ID_7XXH76413XNT,0
ID_D58TIQKQLU7Q,0
ID_W5CLRPVGFRKH,0
ID_A3Y0OIB0BE59,0
ID_C74NLELOCNTS,0
ID_2FIGN89QV44C,0
ID_QN4PJSV2CGSJ,0
ID_V5W6AZBTURWA,0
ID_L6E0GOTVHSCD,0
ID_Q95BUWXK8RM3,0
ID_5TLXCFLTYF1F,0
ID_GLBHSYJG9S5B,0
ID_3X3YHRC7IIN9,0
ID_5H724YS64665,0
ID_U4Z5RN88FCZM,0
ID_05TGZGOMI6MF,0
ID_0GCZV8RUSZK6,0
ID_UV06K1FM1SB5,0
ID_RCJZ3PORBWFV,0
ID_W1NL5CU9VHQS,0
ID_2WIYFQHMJPYD,0
ID_BFFULEU6PVQ9,0
ID_JN31K11BXQ0E,0
ID_DS40FHVR9R7F,0
ID_DNOT9DTVZ6MQ,0
ID_Z58PO8MMX8YV,0
ID_NEYMBJKFHN1X,0
ID_RND7MNSA6LWV,0
ID_U407VXC7F9NZ,0
ID_ES753BBA75GB,0
ID_APRL4BTWWRW9,0
ID_S909ZPBZ39II,0
ID_YYFP9SWEV0U5,0
ID_25EBTESPBHGZ,0
ID_W0W8TG7XRWE3,0
ID_0FU2BPIOTMVD,0
ID_OF817VW3STNX,0
ID_7QATIJ9YSL1K,0
ID_LBPW7URC7BBW,0
ID_7WYQ81JCM9V3,0
ID_JGSVOGVN6522,0
ID_TOUB2GY1ZHXT,0
ID_9AJCTSUQG7FZ,0
ID_VKOZPEUVSDI8,0
ID_UG5GQ68S58OW,0
ID_4RB8XK2ZB1IR,0
ID_Z3P4T6K6P2ED,0
ID_VUGTKX63R5P0,0
ID_XMF3Q64FMLBK,0
ID_DTWCZ9G9C8WD,0
ID_0MNYHJUPIOIT,0
ID_ZGAL960JTO3R,0
ID_PK835TJNER3I,0
ID_KVGPYMSHB2WJ,0
ID_OWIQYP0I1HGW,0
ID_7RS2XDILJLBL,0
ID_EDCLK08NMF0N,0
ID_97Y87C3ANP5B,0
ID_D3SKVOTTB4KQ,0
ID_APFVFYM11UU0,0
ID_TAIVU9LHBYZ8,0
ID_NTR94XDRQIHZ,0
ID_8QCOFS2HXOJQ,0
ID_7ZZVZZH08UWF,0
ID_9NGVV4V11YU2,0
ID_5G8RKC18KLXV,0
ID_BSVRMHEKDQKD,0
ID_6Z12209FUIAT,0
ID_IRBHYP3G7UXU,0
ID_9PH4KNPDDVWS,0
ID_S4G0N1TJEDUG,0
ID_OP7NSDQGR6AE,0
ID_32RIU94UJDHI,0
ID_85WKQYHE0W5H,0
ID_2T4I23J42NUP,0
ID_LOJZM912S2TH,0
ID_FQAR45VD4PQ5,0
ID_RA4Y3ZL70BWO,0
ID_UH3QT7I1O24Q,0
ID_P9OZQ56CX2YO,0
ID_RB24VMV9FIGM,0
ID_XECRIM8DR00Z,0
ID_EYIQ79MA3T5E,0
ID_B0QBM2S1R9S7,0
ID_1L74BG9P0TKX,0
ID_141KG0TOOCJ6,0
ID_IMKLSNJKVI4P,0
ID_253P6J7D92PW,0
ID_PCC17RCZX06S,0
ID_7MUPVDZE1ZWB,0
ID_O994OZU1NP7E,0
ID_RFVKSMVILY31,0
ID_MTR7TTJ5LSBE,0
ID_87QM8DS5HSU7,0
ID_8KXPBLV53NZK,0
ID_LQVS4LC3YRMB,0
ID_ISVACTKT5MAA,0
ID_C64B9DUNSCM1,0
ID_ZXAE37OWUMFI,0
ID_L7Y4MKY66OSL,0
ID_TZ1FUOUR0Y8X,0
ID_D7HMR45HU1ZW,0
ID_UCZXI2H7S2YD,0
ID_7TU75PUQP312,0
ID_4ULCEP364DAF,0
ID_8EOY07K5LOC4,0
ID_NK47MAUWJ8Z5,0
ID_8ZCGIWU6GZLO,0
ID_SNIWSZ237UOD,0
ID_7LDSCZ2OPT0K,0
ID_TK2TH4JSJ1KB,0
ID_UUXFZKSR58SC,0
ID_EVACECC6XIW9,0
ID_U2LSES0Y4I3C,0
ID_NEGU2TDNC4Y0,0
ID_WCBHSOBP51H1,0
ID_SVRQ4NGZFMMP,0
ID_5TBBUKHYJ1KI,0
ID_4AOR8R30LNOD,0
ID_5XOUKBLNO7AC,0
ID_IQZTM1J018FS,0
ID_Q9VXX3O6IZOD,0
ID_HTEQD0S6QIB8,0
ID_0GFT8KE7O9RP,0
ID_SHFI8L6O4DQ3,0
ID_64MUBP88ECF6,0
ID_EHYBYH7QLOSL,0
ID_GTGEI6PS93QJ,0
ID_TL9C9OJ8G68U,0
ID_SM1GWL52K1F8,0
ID_DZW8R8ONEU66,0
ID_HBDA4P8811S8,0
ID_CJQOTSL074N8,0
ID_KZ0X60V9XQIG,0
ID_0TWFZTV06NYT,0
ID_PVJN35A46C0K,0
ID_D732BOTXBLSI,0
ID_342GB00NU2X8,0
ID_AQUL5HCLWJPM,0
ID_VU3938I1G9Z0,0
ID_Y2ZY2HDPU6PE,0
ID_SJD77GLF5ZFJ,0
ID_3T35R9QJBF2M,0
ID_NQUTMXXK59YN,0
ID_SV7AFMBC72LB,0
ID_PAPK30H37SIW,0
ID_URRQOVPPCBQ4,0
ID_CQPXYYK4KGB7,0
ID_RJIJXF4OS4RL,0
ID_APUXW8HC4K6B,0
ID_61Q9C9GGPHDI,0
ID_ZWZRMNC7OOCV,0
ID_IYKX7HR08L6A,0
ID_AIG281L5ZHU8,0
ID_NHUOZPKIO0BR,0
ID_LLYN4K7KIT4R,0
ID_0TSE5OLEV8WK,0
ID_H992DU9HM8DQ,0
ID_UK0CBXPBQ5RY,0
ID_RDPY3EBXFJ5O,0
ID_5L97TY473GY5,0
ID_5B1X9MC1IFX0,0
ID_ECWVAC40SNWB,0
ID_OE87AT5TAUEI,0
ID_XR12GEBM8H2K,0
ID_LJ2AP4BNL25Y,0
ID_LH311ABG9XDL,0
ID_HXONOBB4HD6T,0
ID_7AOOKABBB6N8,0
ID_Z17C9TLMF1MJ,0
ID_3PUBL95YQ1AF,0
ID_3RUIBILNO5TH,0
ID_9VMYZE08M98X,0
ID_6SDJYMNC1T2Z,0
ID_61DT371A8JKT,0
ID_R51LYLFQUFIL,0
ID_MJYLQ159US1Y,0
ID_QQHLY17D6RBD,0
ID_Y84JBGTU3NGV,0
ID_V8BHOZICY6IF,0
ID_DZ1R5TGC156F,0
ID_UQTR8CQ5LH50,0
ID_CK56LDNW1478,0
ID_QJGUBXWDDCRS,0
ID_H7YHR5OTSNS5,0
ID_8FRJCZZGLIRC,0
ID_U29DLWFB48GG,0
ID_W3OHI7MAVC24,0
ID_1ZY88AN5LZD4,0
ID_OC5EEB6B892L,0
ID_CMWPG2PIB75R,0
ID_NWEI411ITDHM,0
ID_G49PUGN2HFAD,0
ID_GSNP1IEZEQBC,0
ID_GJUS6RREHQ81,0
ID_7F8MCGYBVNP9,0
ID_0L3CDZHQMEW6,0
ID_WWW8P7C0BWWD,0
ID_K5SN27S6ODNO,0
ID_UFYYFX1MOUMV,0
ID_D0724QR6ZQQF,0
ID_PMSOXFT4FYDW,0
ID_SO7VGCA3U32O,0
ID_FRF1EVPIL6HX,0
ID_82CBKU1NDJ0V,0
ID_RX8DANVXO123,0
ID_ILC9A9DN5G2Z,0
ID_2GDKRWUIWI9Y,0
ID_RBQ5VAV4DJ5G,0
ID_UOQYVR79LGBI,0
ID_K6AD8QUXXR6Y,0
ID_J342KZ43X2VJ,0
ID_XPEQ4HVRRQX3,0
ID_AJUG34L464MU,0
ID_JF3KG0PYDKQF,0
ID_L9Y3DAFA0E72,0
ID_E6BGEQJGO571,0
ID_SP088I6KHJYU,0
ID_044M7JJ7F7ZH,0
ID_FWCKHCWUI2ZA,0
ID_RYVNAORY2187,0
ID_AKABUF8B09YM,0
ID_S2JJQXZHA1AS,0
ID_4QOOOG43P1EL,0
ID_X7Y0DSAFDFLN,0
ID_HBHBHNCY4HVH,0
ID_BD6WGXMV0N9M,0
ID_L96Q9Y8ZKZ8E,0
ID_THWRW6UMVR43,0
ID_BORVFDCCKT0H,0
ID_2L25K22ZLQPZ,0
ID_YUL27A9GYMND,0
ID_8MKACM85VSCS,0
ID_4060CUEUW7HI,0
ID_Q0SM7VK3YP8B,0
ID_KFDMKLKS776M,0
ID_JFSU9KK3JSCO,0
ID_YDVQY6M9SDE1,0
ID_24UQHTEAU2MZ,0
ID_SGZSFYIOBIN2,0
ID_JNBPHXXIFBMH,0
ID_ZDH7Q9PB2ZFC,0
ID_Z8L5CROZXDD9,0
ID_BFWA63TCREXQ,0
ID_M3DHWRLA56N4,0
ID_7QNMKE9U82HO,0
ID_75A7EFD9RIO4,0
ID_ZGRBK42R4LAE,0
ID_E69IMEJ5DN9Q,0
ID_9GU549TH7ZK3,0
ID_32IOWXYS1DUU,0
ID_055AL1ZL5ZQ3,0
ID_1D24WF1F56XL,0
ID_C8563RHWH4R1,0
ID_FWYXQF7RP0NA,0
ID_RUQF0NVO7GUP,0
ID_U51NJXF1ANRX,0
ID_52E5N2X6YPZC,0
ID_5605KFWD5KLI,0
ID_RP1T12JOZ0W5,0
ID_1NJF183VW7MV,0
ID_YBW0BLUZSB09,0
ID_EMWY1EBQA2OW,0
ID_PRZUQ2CC6YQL,0
ID_DR9MHVZLS2J3,0
ID_F9Z4KJ1ATXQX,0
ID_1IEQS1MMJVNU,0
ID_Y5OJFJ4ELKBO,0
ID_OYZLWHPXC232,0
ID_RIJPB9ZK7QMJ,0
ID_5YLAHA1RPCLZ,0
ID_7YD43YGQEHAG,0
ID_Z2128MPPJH3I,0
ID_6E9C80EV7UVB,0
ID_V292OF4LJFY6,0
ID_GZWEN5J0753A,0
ID_DZJI74TH27S2,0
ID_VB20G3017OT3,0
ID_PFR5TR9NSJ44,0
ID_CGEMGXF9GKAN,0
ID_UQN5YELSPFW4,0
ID_9KQ04PBVJQ2Z,0
ID_4XS5DB6R0W1W,0
ID_0LIP6T5ZSM47,0
ID_EKT3T87PW61E,0
ID_8APYWALBVJJG,0
ID_IZNAGRDXI416,0
ID_O8JW768V2WBT,0
ID_QB1EGGOG4PKU,0
ID_QL474TRJZ4KT,0
ID_JS00JMA9OC55,0
ID_KX93WT2WM8KI,0
ID_88T4KAWBOXD2,0
ID_AYEXJ449FHYB,0
ID_WAMWUG0WHB97,0
ID_MNSBZZRLVYAB,0
ID_NIO4I0V8DWYJ,0
ID_NIZWE5DL0ZEP,0
ID_9NCKQGLK3SD9,0
ID_5OSGLVZW9D29,0
ID_6XPJZR8ZCIC2,0
ID_IY0SP642OW24,0
ID_RIYH64Y97QRK,0
ID_XSP6B48LKWT8,0
ID_W753O33BW3BB,0
ID_RWJ0XTITY982,0
ID_EUEIBIX6TBO2,0
ID_WH5AACW8DNG9,0
ID_NKCHBHQGHFQJ,0
ID_55LF7DAPVUM9,0
ID_QCVF1IC80H55,0
ID_TTYI3X4FHRSK,0
ID_FAVZ1A7JE66Y,0
ID_K3QDY7VQTJ4Z,0
ID_SXVSUXY5UZAB,0
ID_5K5QDTT6M6RR,0
ID_LVWYORSZVO3S,0
ID_6ECLIA2352NF,0
ID_W9B36B5RXLXB,0
ID_FBND5TKBJU4V,0
ID_IEG1EPIW3QJE,0
ID_XBAKEC3FGVOI,0
ID_YX1YSBJPV00F,0
ID_CNJ0199EZ0Z5,0
ID_9HZRXVLF8O7Q,0
ID_N8DOGSGMLEEF,0
ID_QTT6DFO6C20M,0
ID_84TIYB63GU2Q,0
ID_I13964DD6KTD,0
ID_31NJ27Y0VJFL,0
ID_SFCM114U57TL,0
ID_JO7PGDO0GSL6,0
ID_GL342CDVL9P5,0
ID_89HGYIT9L72K,0
ID_GMN55BKSKYR7,0
ID_IPCZ9G8W2MEV,0
ID_YTTWCTKL25FS,0
ID_RXK77X7AJU1K,0
ID_7DF2UHVO2YDW,0
ID_S8ILQIMNR33S,0
ID_9CZKHNKM1I86,0
ID_QV0YP4S4M4EW,0
ID_6NW6LZZP4YSO,0
ID_11VV8EJUCW0H,0
ID_12B9ODTQEDJP,0
ID_O9F0DSRI883S,0
ID_UGZM1YTX1O1E,0
ID_K9QDUU90W0VF,0
ID_NSYRKSMPHBU1,0
ID_VTPNQBR81BM9,0
ID_39OMID9QCOG0,0
ID_1PEZ9AQEX5YZ,0
ID_KMV01O5FI1RE,0
ID_D8YY9UAL3DUU,0
ID_MK1LEGI0K09C,0
ID_SIGZ0JBXQGOV,0
ID_TVKRFN7WM03R,0
ID_0BEO9O1TBGD7,0
ID_0LAUIA0BNIC1,0
ID_J3ASN4NEHJWU,0
ID_E0C4Y5E20718,0
ID_42C9CZBA94GA,0
ID_YR8ZM2POXIMW,0
ID_CI5T4HTPFSD5,0
ID_A43CG1H8ISRO,0
ID_3CEHUW3S0G0K,0
ID_TXB3AVJR817F,0
ID_EARHOHWMJBZN,0
ID_3VLU0ZG4HZCJ,0
ID_BXY0XWQ3PB64,0
ID_QRR9XFG9T842,0
ID_EUX6TSC8JHCM,0
ID_QFOI09YR3VXI,0
ID_YV25FQOXZ8MV,0
ID_7FQESEUZAD3Z,0
ID_CNWL7DTP3YX4,0
ID_T55BT4VODB0E,0
ID_RV1AQV8A2YO5,0
ID_4LD71OA2HWJA,0
ID_MURY55Z0UGAN,0
ID_N2FMG5146H3F,0
ID_UTINEMLC3YZ8,0
ID_2YV5CPEX8PQX,0
ID_G04CAJF9PJPJ,0
ID_VQQC20SF8PFA,0
ID_XLERVZJLB89L,0
ID_55VQDPWDVUJN,0
ID_ZQ8CAFATMFQ4,0
ID_G0F3TN5NG6BH,0
ID_PF85WDFZ5SIC,0
ID_LPA096T2PA37,0
ID_TOJV71OD5IJA,0
ID_OC71Q8G1PU9X,0
ID_ALXWTRGLKYET,0
ID_L25QRS7Z1I48,0
ID_ZJX6UR06AOQN,0
ID_J18Z7G8MKNNW,0
ID_A1FRWN0WLOW3,0
ID_1WMN80LOMPYX,0
ID_PN8SLC70UAFU,0
ID_Y0VLNN9FFCDB,0
ID_KSNG2EHQWVN2,0
ID_6W3UCOWAIKFY,0
ID_SAMIPB6FVS35,0
ID_5XWLZR0M55MG,0
ID_XS38KEFXELD5,0
ID_59TDKRUHGJTU,0
ID_LA52IZ1MKC63,0
ID_HUS8E1K54UTE,0
ID_I13GK4NJXW16,0
ID_VNANLNWRQBB6,0
ID_S9RY48JU1EY7,0
ID_4STCBR16P9VP,0
ID_8975M70FEDGV,0
ID_DUBR80BZKU6Y,0
ID_MAEEJ3FRNXBQ,0
ID_H4AAIXVXUTIW,0
ID_9O8JMRL331Z1,0
ID_NGSCERQ2QDX4,0
ID_6LCF9GFNTUHP,0
ID_P1FUZAFI9H4Z,0
ID_98FVLR8JYSIK,0
ID_21Q3Q5YNLZZX,0
ID_PBBKRFRQIL4M,0
ID_XUQ4DJPJN922,0
ID_XN9SQO2E71Y5,0
ID_16EL4RBE07V4,0
ID_J9A3XKAY092U,0
ID_SI3U6TVMFSLR,0
ID_MZPNEAO40UOF,0
ID_JMOP4XUA0I7Z,0
ID_3K7O1OS7SC87,0
ID_1FKKC1Y469H8,0
ID_KLWMKKI8XBMZ,0
ID_INV1UN5XSNO4,0
ID_FCP0ZRWKWL2B,0
ID_L7DSNSBA5RQQ,0
ID_SECEK6SG1NI8,0
ID_ZZH6SDGIBPVQ,0
ID_NKCBC5AYF2O5,0
ID_HCUH5OSOLYNC,0
ID_P2YVKXAWU6J2,0
ID_H5DAKY1IT85H,0
ID_FN2NLEWDMB6D,0
ID_FQRTZI314E4V,0
ID_605VN4QHNIDI,0
ID_J9MMOAJFJ2J9,0
ID_2N51RJM7IWTE,0
ID_G7LKS3J2NRV9,0
ID_B75HPYZV9PLR,0
ID_IJFSC215A8T5,0
ID_XUJ8JAS1QTG5,0
ID_OC29SB0GECK9,0
ID_0ZW1XY8NZ5AA,0
ID_XUYVTZH1U6V5,0
ID_TUQ7O8VZEO8Q,0
ID_XL5X7DAJMM1B,0
ID_6GOHOWR9UQEB,0
ID_OSG7JPS4CTQ6,0
ID_TYWY3ZJA2J5I,0
ID_E8R8OU0PL6KU,0
ID_NVSZ1QLGBUT6,0
ID_B6DWB2FSMPKC,0
ID_P0UJZBSPVHUE,0
ID_O9LKW41W3CE6,0
ID_APVY0ZAA2T96,0
ID_DXH0G1YZBCCY,0
ID_50FMQ8VLWTYD,0
ID_MPXG6OFK28RA,0
ID_KO5Q9YHKSLDL,0
ID_5RN40WEWP1EL,0
ID_C22JIXZIZSL4,0
ID_9DQB1KQZBTV8,0
ID_CQHWUNCL5PCX,0
ID_J5OEXVDCNB0P,0
ID_RDH6HLOB2U92,0
ID_8TPHQ60JF6EX,0
ID_1PB93FWUQFQB,0
ID_3N976J1OGQLO,0
ID_7KUFT15M92QJ,0
ID_PCCPOOUSGB06,0
ID_3FRDNPVY5FNP,0
ID_BK9ZR4TDE7NZ,0
ID_OUWYLUIH2R51,0
ID_L5ZLQMRH6KKF,0
ID_Q4UW4DG55OJW,0
ID_OYF1ASPZJQNP,0
ID_GZUUS62OBWF1,0
ID_KKZDBKDWVPID,0
ID_YCYMKBL2CA1K,0
ID_KHTP23X20T5I,0
ID_PVCGOZWIYCRW,0
ID_32NAED58MFBN,0
ID_N20MRZDYH6K2,0
ID_DBTQY3BIX7K1,0
ID_VXHEQJCSAEGO,0
ID_1UBFDMDD35E0,0
ID_UTQLHUO15C6P,0
ID_KUQSQP4UEPNX,0
ID_NG1BV8SLDLT6,0
ID_3WE5BFF4QQ07,0
ID_OJCKZSAW11FT,0
ID_01FMRJ8CZ1B9,0
ID_UFCY75JEV9LT,0
ID_2EZWQR6H2KMD,0
ID_VDBLFDMIL8NG,0
ID_AT56XBOIGQNE,0
ID_AXZDBVR3IUR6,0
ID_2TXCT78Y3PKC,0
ID_VR4Q2KY91Y7I,0
ID_EQO0B00UOJ18,0
ID_80IN0NOG3IGG,0
ID_52G244TD18XX,0
ID_VU2RGX6FV7SG,0
ID_L5TFK1K76NVV,0
ID_9CP641SBWCAY,0
ID_GCL2HBCVD3GT,0
ID_9TSTSM29ITZV,0
ID_L9B0F5XY5C0Q,0
ID_CB1C6HBQXD06,0
ID_HKJ98YOILTWN,0
ID_5TPFAMIJT35T,0
ID_17C2BIFXGXAB,0
ID_ZY0FDD05Q344,0
ID_XXKL2UKB6T7P,0
ID_RMQ5T81PW81J,0
ID_I1KFYFIUMBBQ,0
ID_1C1WGJ4TLP0X,0
ID_E5OL8AHYNIRQ,0
ID_XKJ6NPCU23KQ,0
ID_H2LK19RTKLBN,0
ID_8SXD7K2XR4Y2,0
ID_R6PS7QO3TIP3,0
ID_7Z26WTZTG1EE,0
ID_NVW1KES21JE6,0
ID_KZQ5Q7QITN1J,0
ID_0GK554F5HSPQ,0
ID_CA5E6O3YBPYR,0
ID_NTRTGR2IP7JQ,0
ID_062VNY633NVW,0
ID_465NN80WHNMI,0
ID_T52DNN3DYVA2,0
ID_CM0W1BO8Z7YV,0
ID_YV087R41HIW6,0
ID_VT6TAOGORN0T,0
ID_030L0XB0GEPB,0
ID_YECW50OR7NEH,0
ID_5W7NWNYH7DA2,0
ID_I2AKJ4TGA3JS,0
ID_LMSXY4W2OCHC,0
ID_W1EWJ1KHVFWL,0
ID_3ABZTY079K5J,0
ID_4PEE9P8ISN4T,0
ID_DZD2PTXBQ36C,0
ID_VRDCKGL60J4S,0
ID_W300Q133BITD,0
ID_BGPCJWWGLRAD,0
ID_2VD5AHGUA8FZ,0
ID_N2YHCFW8BCW1,0
ID_KD26RV3Q4Z8G,0
ID_B4L9RE7NMY7S,0
ID_BN9X6GP81HB7,0
ID_Y6GNK64VJEAR,0
ID_PE586K2WC823,0
ID_WL15S18OVHW9,0
ID_5R6L97XFBM4P,0
ID_55YCU1CHAZYU,0
ID_WNGH3FP6KNWH,0
ID_9JR09YWTJIPX,0
ID_870NP4IDB2WF,0
ID_X6ZCELIES4N3,0
ID_S0Z4WELW3RKE,0
ID_I1M86V2XW3NU,0
ID_PR25E8LGMX5C,0
ID_5RGXU5KZER2O,0
ID_N3OWXZ0A4PQ2,0
ID_BUYPSV8J9VX4,0
ID_ZLJBGWFNKT3F,0
ID_E3U792EGWSOZ,0
ID_KQE4T2DIGF73,0
ID_FIOW6R8A6TD9,0
ID_6NHV395NXUMO,0
ID_DLLQTLGA5BZ7,0
ID_12090DS3ONFO,0
ID_84WRYZXSNB5W,0
ID_5IHINMMQ33HN,0
ID_Q3TSBO3V5MV0,0
ID_ADC7FBDIRB67,0
ID_YFVLB2MLINSA,0
ID_0M2B2IU08JHG,0
ID_V9K16K3JJ64W,0
ID_T0APDRNZ2PUP,0
ID_UD6Y4DW52N30,0
ID_CPN4N1LLQUYZ,0
ID_NBZ50NSHWKX4,0
ID_JOBTZIGNUJYW,0
ID_QIXJYAUTNLGR,0
ID_AX9K1UFBM90G,0
ID_FDDURNIJQYRF,0
ID_LVNQ4RR7Z5M9,0
ID_UYQMXTUWGEX3,0
ID_GXYT79NRDUCC,0
ID_9GC9RL0156TI,0
ID_65R1QHRZPXV4,0
ID_61D172EINVHM,0
ID_YTRIQ7CPL06G,0
ID_SWBH0D832EJH,0
ID_JI6G3OYFQJKY,0
ID_D2P1PLCDCW6C,0
ID_4HZATY2UQP7J,0
ID_I13HAXROQ8ZI,0
ID_EBWZ4DITBMRT,0
ID_46V1XAD0HNM4,0
ID_7F0Y5BH75MA1,0
ID_8KDNAENIPD6O,0
ID_31557CM50TT0,0
ID_1H73ZV2DGAJS,0
ID_MQBQ7Y3DAME9,0
ID_FABZ5F40A430,0
ID_ARH65MSJKMXQ,0
ID_NZAYF5EC84XF,0
ID_8KTFQU943U8U,0
ID_HOOPMK98RDVW,0
ID_6NKRHFXDAL2W,0
ID_3Y0E2QZSY8BE,0
ID_7RBTQWOKF593,0
ID_G32EHA5H8KCH,0
ID_FP8GAONCAYON,0
ID_Q1YRG5JLSL51,0
ID_LUEHBMKN3WSS,0
ID_8CR2PDGM6RTS,0
ID_UISG39MBLWG7,0
ID_ZFX52PINM9TI,0
ID_AV8EYUEUUBVA,0
ID_LDK0UP6ZOTQS,0
ID_Y71AZZAYF00N,0
ID_IAA19P3EN9DF,0
ID_M8ZJ8397H56M,0
ID_2LVL6QWBY48W,0
ID_66A871THV43V,0
ID_K9CFTOS3JA2N,0
ID_SN7U1P14V2N3,0
ID_68RW49FF7NF2,0
ID_1BYE6Z8W58NR,0
ID_DGIYN4VXFWW3,0
ID_I13X0T9TWG4N,0
ID_7HE2NP9ZDI7E,0
ID_PKX1BWJLKKF1,0
ID_FGCBRPH417HI,0
ID_XZHCQ2UL7EQB,0
ID_3F60G7BTKL3E,0
ID_X8UKDAZNQLE5,0
ID_WF21DZJQ0MEZ,0
ID_2JORBK01S76Z,0
ID_N40FQ79VCRBZ,0
ID_GTLFKV861ATM,0
ID_27Y0YW3K0RMP,0
ID_WV5M56G6J46P,0
ID_2A6AX6F5M2R3,0
ID_O1WA343Z0Y3Q,0
ID_5RO8TLZHVZ4U,0
ID_WNL0HEE8FNAX,0
ID_KRAHFXWUE34U,0
ID_B0BZ87T7Z4G1,0
ID_EF8RZ2A57MOF,0
ID_CKZAYHVYDNOH,0
ID_24T2915PUUBL,0
ID_9N44D14F4Z9S,0
ID_4QI2PK16L4W8,0
ID_5GSE1ZV2KZ36,0
ID_30MYYJ3CGU71,0
ID_R0ZZ2K2C4IFQ,0
ID_SRSO7ZIVRHMS,0
ID_ADMXQ913LY99,0
ID_PS7YQR14G3Y3,0
ID_MZEO9V8999MJ,0
ID_LUGALDGQDU2C,0
ID_6E0LFWNRDDBC,0
ID_BH392O5O9YIJ,0
ID_VP4R17PGR7PT,0
ID_Z584MTBFZM57,0
ID_FMP63TJMIYD2,0
ID_0VVXHZNBFV7K,0
ID_R3G02LS8GNA9,0
ID_Y3HXNR6C9VPN,0
ID_P2EI5WTDARVB,0
ID_J81U1U9GRXMM,0
ID_RUJ2JWO1H36Q,0
ID_D7KZIKGDA5TC,0
ID_IXZVPO7I6GFT,0
ID_DYEIPGE8LAWB,0
ID_YFXPGWLIF1JG,0
ID_M06RJHKBWY49,0
ID_9AQXDJAJZEKV,0
ID_W8K9BX9LC95X,0
ID_QI5ZUDAWIO6B,0
ID_UAUMCZMYYG50,0
ID_MB0FWEMQZIS3,0
ID_I3VLDTUXI8OU,0
ID_FL43EATDHM0N,0
ID_F8IKOUJWBLAS,0
ID_MY6O19NPIVK6,0
ID_XIRL5AT0PRFF,0
ID_V770RBDE6Q4Y,0
ID_0PZHH6TLV3CA,0
ID_VWY9TZXSBA2I,0
ID_0IMHIJVZNH4F,0
ID_J9R0XLLUEYV5,0
ID_SXO3TLUQS06B,0
ID_IIFWSOZJ87T8,0
ID_003IQ6P16IU6,0
ID_8A4XDDFF9KES,0
ID_ZADQ4EOPXZ5X,0
ID_T3BJIT95VAK6,0
ID_9JBVPAY5SWE5,0
ID_H69MYTOAOWGW,0
ID_KX131MVNIQYK,0
ID_9TBIA2TY51SN,0
ID_LSJ9Z973V7HY,0
ID_1V7154B52Q1R,0
ID_61T1B66LGY96,0
ID_6OMUQ7RGG9PB,0
ID_UOP0YIGOD0C9,0
ID_FUEPC3I8AGM6,0
ID_9DZ2XHHCILE0,0
ID_K31RQKN5YZGQ,0
ID_5ONQKXWCPAYW,0
ID_WTFWWIHRP8QJ,0
ID_1DB4QAC6FY9E,0
ID_JTN33DQWNP8S,0
ID_URGC9CNXA7X5,0
ID_TLCVMIUVHIDA,0
ID_TUK3UTUY685M,0
ID_C3CXY15NEROI,0
ID_HLKXLS0FWIO3,0
ID_3KYOCLW494ZU,0
ID_ANAMG2154VTI,0
ID_RZYTYJZGW8V1,0
ID_U0TE2JB46YOT,0
ID_033YEZI2YTMN,0
ID_M5MUL0OYJ521,0
ID_GLNNBNCO2ZJT,0
ID_5D0G39C74311,0
ID_76NPV6TK8935,0
ID_ZBDU7B15DZ06,0
ID_7ZY916L3IR3J,0
ID_NT49YSFTD1RL,0
ID_JO5LMUSPDOE5,0
ID_20WSYTHON01Q,0
ID_29VL60799V4G,0
ID_LWOVH2BGMAXM,0
ID_U40UK9R0U769,0
ID_GLMWDVQ0ZBSS,0
ID_H9WPOE6GENMJ,0
ID_D777FHIP8F1R,0
ID_UE7JO485SVK6,0
ID_KMUR984JCI6C,0
ID_5UB63IBXG3O1,0
ID_IP1S04YTUGT1,0
ID_UJAKLBHMJ3YD,0
ID_W4V2VRY6V3ZG,0
ID_UPWIMZ9NKMFX,0
ID_TVYVXPBGSFUC,0
ID_8WEKEFRVWLHJ,0
ID_9RLCRH7Q0PXK,0
ID_02G01CVY8X2H,0
ID_KE5BLNSCOGKB,0
ID_9JNMULI0HP0P,0
ID_B8OSQ43TMBSR,0
ID_PZWWJKYN923K,0
ID_834BS53CZ6LC,0
ID_5BMWFG250JV4,0
ID_LM22RNI83BJM,0
ID_JQS59EY819HO,0
ID_E43X5ED6NLU1,0
ID_8UZSHKU5UT2V,0
ID_DJ50AHYEIPZ0,0
ID_R4NIIOESVN7T,0
ID_YKL207W57L0U,0
ID_12P6RU298F9N,0
ID_IZ6WTP5Z17WN,0
ID_NZMFMBIC4FNF,0
ID_JLTDB0VTB0E7,0
ID_17SQTC2HLKAE,0
ID_I1X7CIDBKXZQ,0
ID_PSSACU4V0O6O,0
ID_V4HUIJ6F76SW,0
ID_8COHYHKML3JP,0
ID_JN4AX2B2C50G,0
ID_TMJ0OO9Q2WOJ,0
ID_C95LNL1M8H2N,0
ID_RVPLXJ5UWB6O,0
ID_TV9CCKV6IGN5,0
ID_K19V3I8YE12K,0
ID_KGXUKFH4Y7YO,0
ID_WJSH3NU9GIQB,0
ID_EQZ7H1WA78OS,0
ID_1MKAKRVW5T92,0
ID_PZFWOHDEYNGN,0
ID_725LTZ95U1E1,0
ID_THK0MEQMKDUT,0
ID_RTQ01NMMKXYA,0
ID_8B19FL2AJ194,0
ID_D6RNJ17OIWWY,0
ID_HUGK2Y59U7KJ,0
ID_KWIMK8AMZF5A,0
ID_UURMSVZDKKSF,0
ID_2R9G9PQSADOM,0
ID_BI9UDH99U450,0
ID_7ODW5MXTDNCG,0
ID_HWJ9WKS3IB5J,0
ID_JGO7PWMYOMUB,0
ID_MCQSOIZ5BXGC,0
ID_J0X3K8DOSPYN,0
ID_VGQJ4WYJJBAT,0
ID_FHRVJDWVEWZK,0
ID_YFDZZ7FAT8H7,0
ID_ZW6ZATUAC5CC,0
ID_W0BWKL5E7PYH,0
ID_9DJGFL3PX533,0
ID_NYXDVDMQO20V,0
ID_J9R96PPZPO32,0
ID_03SHDKQD95XF,0
ID_9UYFG0NC9QTM,0
ID_PR26C0RSQ89H,0
ID_KOOC7HGDZA0H,0
ID_218WMH65G8WU,0
ID_PRAU2EMQM87U,0
ID_D6ZOJRHT0A7H,0
ID_CITJ0RJ9ZAOC,0
ID_TP5RXW7QXP2O,0
ID_AZNDXJTYSGDF,0
ID_78WJNL0RRA6U,0
ID_TM6VWF7REIS6,0
ID_X3TVNO4XNHN5,0
ID_3TDSR1D7HQ8T,0
ID_82ZSQZQGLY1Y,0
ID_8OKP01595X94,0
ID_2OKINRRT0XL1,0
ID_DA98EJU0NT76,0
ID_V17R17KYCDG3,0
ID_OM42UEJQR618,0
ID_646D2KBLNLC2,0
ID_9RU7QWS0WIDP,0
ID_PFFCHUW5O67L,0
ID_ZSV9TC0UW5CK,0
ID_MSYLCULH22KD,0
ID_6ZA9ROTCTCTY,0
ID_L0J7MCL12NR4,0
ID_SCDUXWEDL6C6,0
ID_7QHVYN5YJYAP,0
ID_AUT5E4W1IF34,0
ID_7JO0TQWT9W8K,0
ID_3UUBOUNG1CH8,0
ID_4Z5JFK9VF762,0
ID_3Z9LB1PGHP96,0
ID_D0X7IDGN74GR,0
ID_BBY6G4GET31C,0
ID_PT5LBK4XRS89,0
ID_Z6A67N4N3KEJ,0
ID_Y6D7U7R1ULMA,0
ID_WQOUU960NDO4,0
ID_XC7PSRE6WWFP,0
ID_VF7NABSVT35U,0
ID_25MZL6HIS26M,0
ID_D86BC6U7FA2J,0
ID_F4KMTFROJWL2,0
ID_QK4YHF5UETBQ,0
ID_XPAHSEI49TYN,0
ID_69F6K475WX7V,0
ID_9WS9F7Z1CE3M,0
ID_XJC8VVXC9TBX,0
ID_CD5QDTLLZUPT,0
ID_O80J4RH6LVDS,0
ID_KWSKN3HTLPK2,0
ID_5SKHT6NDFHJR,0
ID_KPQYKBZGK6Q4,0
ID_866ACQHJ1632,0
ID_WX844ME5IT0M,0
ID_AWNJ1KEP1QK1,0
ID_16ZJ7XNWB9ES,0
ID_2NKYXQYFQQRX,0
ID_DDQYDSPF4BXY,0
ID_1KBQ8Z8QZOL3,0
ID_GJO67I9XF6AK,0
ID_PCOF5INSVXM2,0
ID_W5GMROHJ01RZ,0
ID_WD6GCHMOFFZK,0
ID_GF3NQ1FP4MXO,0
ID_FBQI3IPLIAAZ,0
ID_BKRCXGDJI2ZU,0
ID_WC5O6CA49JCT,0
ID_TC771F4NXFD3,0
ID_HQAI0KUSI7FX,0
ID_E22MKA5X1C38,0
ID_P4TXP8UNLQ5F,0
ID_7VFK2TR4EHCU,0
ID_XIMWJDO2J9S2,0
ID_1SFZQ86IVMCZ,0
ID_XNSVNT862EIR,0
ID_KEULJBL0QMMA,0
ID_GEAJ29CHENIM,0
ID_XDHNQQ1BMP4K,0
ID_ZG8Y74HTDSKI,0
ID_VUYOGM0KIABM,0
ID_U4XH4UTLQ5EO,0
ID_M1TT1PZJYQX3,0
ID_DO1SCI0NAS39,0
ID_PP2CV6NRSO3K,0
ID_6F4A688829M0,0
ID_67C7XJW5Z9AP,0
ID_G9GXUSA0IV0D,0
ID_0G0WQUKBXG47,0
ID_6EWF22XJX21H,0
ID_UIL7S6F6IKE8,0
ID_O55OOUDQOKBE,0
ID_OKZW0FT04KAU,0
ID_5QCE458KP8MH,0
ID_K1MX59GNDLA3,0
ID_XEAANBI4M6MP,0
ID_7K7V374NL5QU,0
ID_Q73O4J7PYNLD,0
ID_8X79S7L9FWUS,0
ID_M97TRZBEVI0V,0
ID_U9TU5QRVSIKV,0
ID_PQPZ0AVV5HTH,0
ID_1L6LU32N1HFC,0
ID_UBZ21YSSVE0A,0
ID_TFXFZIX00RA7,0
ID_32CMCT5XS364,0
ID_E95XC4DYH26Y,0
ID_S8ENYM45UWSC,0
ID_PU514SH6TUVR,0
ID_RVEWUGCXQCNS,0
ID_BG6I25RU4JV3,0
ID_RNDBVA4NU0LW,0
ID_H1GVVG7EF7WE,0
ID_4VG5G0IN38WK,0
ID_LI1DHO8DO7WH,0
ID_K9IUCGCTABHD,0
ID_COWCI2PI2LF9,0
ID_0QE8PUWQKHFZ,0
ID_MT3EUT7AX265,0
ID_T69R1A784TNY,0
ID_N4FRZ8SPSN61,0
ID_DFIMHTLXA82W,0
ID_BI4VNVU7JAXF,0
ID_6C9EUI1CKTQY,0
ID_V7R0PZU27LD7,0
ID_NXHSZUCHTMO8,0
ID_PSSPKF9A2USI,0
ID_M9XZ0NNGCXJE,0
ID_3BJCEQIRMQTP,0
ID_EWS2TOD7IJZI,0
ID_4N61JMVTUKQ5,0
ID_B5NBU4COPYXW,0
ID_ZS7CIFJ5G37Q,0
ID_X4E6NMBKJLQT,0
ID_1OH68E5CL3NC,0
ID_DNSUBE5MRZR8,0
ID_GHVXO83MCL6I,0
ID_CQ0FBB1L5EY3,0
ID_9PEPYSUTV8XP,0
ID_CH40371WNU45,0
ID_KREBTUJY9PUQ,0
ID_AH2DHFW5Y7VZ,0
ID_O2YSLD8B37UI,0
ID_CGJLQRDMQGPI,0
ID_ZIH4810LD2X4,0
ID_1GUQ67PJHO6G,0
ID_YO7NKY9DFON2,0
ID_H8DG3XXT4R3S,0
ID_FD43UJOLYMFB,0
ID_BQ8JTW0GEMB4,0
ID_RA7TSCPF1HBL,0
ID_HMSUJ88077KV,0
ID_2K6CE567GZ7D,0
ID_J0UYQQWYJDJ3,0
ID_42YO171TPVHZ,0
ID_KMFDQQYDBS4X,0
ID_EKKF7GLOX3SD,0
ID_NA6TYX9PY21I,0
ID_PA459A9AES6D,0
ID_ZHJ35MUIKDGT,0
ID_2KS148FT28VY,0
ID_ZP3Y1EOLD1XT,0
ID_M202WZ18JHLM,0
ID_O3CUG423MY9H,0
ID_JK4O5BTLDHTX,0
ID_69E0GNTDT1LF,0
ID_RN3RLK50ETXN,0
ID_PJ3QBFDFCBUV,0
ID_WRU2ZQEZZA2A,0
ID_261VC80CL904,0
ID_3PR5200O44QG,0
ID_V315713I7M9M,0
ID_WCBVJ74XU15K,0
ID_ZXT4WUZLCMVH,0
ID_GDU9BX84VUVE,0
ID_5JB3YMBM4T6O,0
ID_KBAPVR46VC22,0
ID_4IXICKTIPPLU,0
ID_AM94QK241VPE,0
ID_W12HOWGGSMS8,0
ID_Q1G32KADTS51,0
ID_V3JIA4P4668B,0
ID_Y86K83ZPC3T4,0
ID_K6M588093ONJ,0
ID_8QKXNKEAI8U8,0
ID_X7PUGW9NI1FI,0
ID_VTIQSDY0X1FD,0
ID_4VC1K7FA4J17,0
ID_3GCDF7RV12BF,0
ID_PSLVQKNWEZ0N,0
ID_IGCX54TFOFX9,0
ID_1SZ0EPKMQJ3L,0
ID_RRLAI5EB891O,0
ID_ATRY9VIAPNBP,0
ID_5LIP4CV5CHJ0,0
ID_ONHO680NIUHR,0
ID_VTRB9ZYY4VI0,0
ID_JAE3UP8KOYFO,0
ID_I02Z7U56HMOO,0
ID_RFXD3G5UO06W,0
ID_1SQXKIK51IGW,0
ID_T5UXJ5RC7PUZ,0
ID_JM7G4MGZXPA4,0
ID_6FF2BX4HPOG7,0
ID_8UTWWHXEL9R5,0
ID_3YJH7Z2OWJED,0
ID_4BVYTNKO9YLK,0
ID_KNDRB17VJJHN,0
ID_PL3IRYM11FGQ,0
ID_33QXHWS7FFUE,0
ID_2J04B9UGSZMQ,0
ID_ZJV6QMH0E1S2,0
ID_3SY7ARGY3QVX,0
ID_KIAVLFCA0QAB,0
ID_Q4EJVPZEZXGI,0
ID_65605390LAS9,0
ID_Y104K9OC8UGE,0
ID_3K6WOEPF2FP8,0
ID_LS72BPM71SR7,0
ID_Y7TIOX2MBVN1,0
ID_JM80BY34TODO,0
ID_2WAZFPTIJ1OA,0
ID_T9YY5C8C1CBO,0
ID_UPRSY14003PO,0
ID_7XOLQOXF8MQB,0
ID_I32E35Q5PL6J,0
ID_22FO3O040DBN,0
ID_2UXKSAJOCCUC,0
ID_5GUT0JCPY47C,0
ID_LID7SSDMXCW6,0
ID_WCWCOJH95NFM,0
ID_4DWQ8EGOZF76,0
ID_SJE53PFBNDY4,0
ID_MUP7H5EUQUYW,0
ID_2G8S8FICGX1F,0
ID_T6X2E4LGICKT,0
ID_2NBITHH2CMR2,0
ID_IXO2IO18FTPN,0
ID_35RBHZZG2K9S,0
ID_5X3KT9OXDOCL,0
ID_EXX5T31QH9U4,0
ID_LSZRIL56T47Z,0
ID_5ALLBTPE63BZ,0
ID_ZRT3VO9XJTOJ,0
ID_IVZNV00VK1WF,0
ID_STJDVR9FV5ZK,0
ID_MUL2I0PV3WXF,0
ID_350HG62PKSV9,0
ID_CFU1OS0WRIF1,0
ID_E2X9RKRER7VN,0
ID_FAXPVHA3GBDX,0
ID_U20QSSM0WQCL,0
ID_8STN6IQK6GRH,0
ID_RRV0JV74KLEG,0
ID_SV90TJDKZDBO,0
ID_VG3DNKAC70DB,0
ID_N6VEVLWM0JUZ,0
ID_R6EAOP7SKH4P,0
ID_WY1E27L1SF3F,0
ID_S6Y3EIMQPINY,0
ID_C6FGW58XYOOC,0
ID_66ZQIE06VO23,0
ID_OQGZLQDASMAM,0
ID_O0VXS8F7E71M,0
ID_RYWO2W04NGOQ,0
ID_UQJV4MFOR1M5,0
ID_4RF26BVNXYCE,0
ID_97BLKV6Q0HEL,0
ID_UBBEFJS5I0QH,0
ID_1O85NFRVJWEG,0
ID_IMHZWDBK0ADL,0
ID_YP71ZG5HZP4L,0
ID_EQYXNVKPIZ8S,0
ID_IUMZ7HN2JIIN,0
ID_TEYADZ461KBT,0
ID_WBKUDZP701N9,0
ID_QREVEZ4H807A,0
ID_1FI6VLAJHF5I,0
ID_AGYQKZWO32LL,0
ID_2AWB54BA84ZT,0
ID_HT3K0J78M9RG,0
ID_1Y0O3Y0QYTJS,0
ID_ZKH62QGNMI1V,0
ID_BJVKX6P2LOVK,0
ID_RJG2AH2AUIN8,0
ID_C1YRVYTDHBCI,0
ID_1TJKPVFP9B3X,0
ID_ENTHBKNB4R99,0
ID_TY66I8PV70BN,0
ID_6MMECMX3B728,0
ID_GZ9YGWCLLMKN,0
ID_01YVA2LJVYBR,0
ID_YQRL2IOUU4SZ,0
ID_VAX2N8ELPEZE,0
