,Plant,N,P,K,pH,Rainfall,Temperature
0,sorghum,25,50,50,6.8,600.0,25.0
1,sorghum,25,50,50,6.8,600.0,25.9
2,sorghum,25,50,50,6.8,600.0,26.8
3,sorghum,25,50,50,6.8,600.0,27.7
4,sorghum,25,50,50,6.8,600.0,28.6
5,sorghum,25,50,50,6.8,600.0,29.5
6,sorghum,25,50,50,6.8,600.0,30.4
7,sorghum,25,50,50,6.8,600.0,31.3
8,sorghum,25,50,50,6.8,600.0,32.2
9,sorghum,25,50,50,6.8,600.0,33.1
10,sorghum,25,50,50,6.8,600.0,34.0
11,sorghum,25,50,50,6.8,600.0,34.9
12,sorghum,25,50,50,6.8,600.9,25.0
13,sorghum,25,50,50,6.8,600.9,25.9
14,sorghum,25,50,50,6.8,600.9,26.8
15,sorghum,25,50,50,6.8,600.9,27.7
16,sorghum,25,50,50,6.8,600.9,28.6
17,sorghum,25,50,50,6.8,600.9,29.5
18,sorghum,25,50,50,6.8,600.9,30.4
19,sorghum,25,50,50,6.8,600.9,31.3
20,sorghum,25,50,50,6.8,600.9,32.2
21,sorghum,25,50,50,6.8,600.9,33.1
22,sorghum,25,50,50,6.8,600.9,34.0
23,sorghum,25,50,50,6.8,600.9,34.9
24,sorghum,25,50,50,6.8,601.8,25.0
25,sorghum,25,50,50,6.8,601.8,25.9
26,sorghum,25,50,50,6.8,601.8,26.8
27,sorghum,25,50,50,6.8,601.8,27.7
28,sorghum,25,50,50,6.8,601.8,28.6
29,sorghum,25,50,50,6.8,601.8,29.5
30,sorghum,25,50,50,6.8,601.8,30.4
31,sorghum,25,50,50,6.8,601.8,31.3
32,sorghum,25,50,50,6.8,601.8,32.2
33,sorghum,25,50,50,6.8,601.8,33.1
34,sorghum,25,50,50,6.8,601.8,34.0
35,sorghum,25,50,50,6.8,601.8,34.9
36,sorghum,25,50,50,6.8,602.7,25.0
37,sorghum,25,50,50,6.8,602.7,25.9
38,sorghum,25,50,50,6.8,602.7,26.8
39,sorghum,25,50,50,6.8,602.7,27.7
40,sorghum,25,50,50,6.8,602.7,28.6
41,sorghum,25,50,50,6.8,602.7,29.5
42,sorghum,25,50,50,6.8,602.7,30.4
43,sorghum,25,50,50,6.8,602.7,31.3
44,sorghum,25,50,50,6.8,602.7,32.2
45,sorghum,25,50,50,6.8,602.7,33.1
46,sorghum,25,50,50,6.8,602.7,34.0
47,sorghum,25,50,50,6.8,602.7,34.9
48,sorghum,25,50,50,6.8,603.6,25.0
49,sorghum,25,50,50,6.8,603.6,25.9
50,sorghum,25,50,50,6.8,603.6,26.8
51,sorghum,25,50,50,6.8,603.6,27.7
52,sorghum,25,50,50,6.8,603.6,28.6
53,sorghum,25,50,50,6.8,603.6,29.5
54,sorghum,25,50,50,6.8,603.6,30.4
55,sorghum,25,50,50,6.8,603.6,31.3
56,sorghum,25,50,50,6.8,603.6,32.2
57,sorghum,25,50,50,6.8,603.6,33.1
58,sorghum,25,50,50,6.8,603.6,34.0
59,sorghum,25,50,50,6.8,603.6,34.9
60,sorghum,25,50,50,6.8,604.5,25.0
61,sorghum,25,50,50,6.8,604.5,25.9
62,sorghum,25,50,50,6.8,604.5,26.8
63,sorghum,25,50,50,6.8,604.5,27.7
64,sorghum,25,50,50,6.8,604.5,28.6
65,sorghum,25,50,50,6.8,604.5,29.5
66,sorghum,25,50,50,6.8,604.5,30.4
67,sorghum,25,50,50,6.8,604.5,31.3
68,sorghum,25,50,50,6.8,604.5,32.2
69,sorghum,25,50,50,6.8,604.5,33.1
70,sorghum,25,50,50,6.8,604.5,34.0
71,sorghum,25,50,50,6.8,604.5,34.9
72,sorghum,25,50,50,6.8,605.4,25.0
73,sorghum,25,50,50,6.8,605.4,25.9
74,sorghum,25,50,50,6.8,605.4,26.8
75,sorghum,25,50,50,6.8,605.4,27.7
76,sorghum,25,50,50,6.8,605.4,28.6
77,sorghum,25,50,50,6.8,605.4,29.5
78,sorghum,25,50,50,6.8,605.4,30.4
79,sorghum,25,50,50,6.8,605.4,31.3
80,sorghum,25,50,50,6.8,605.4,32.2
81,sorghum,25,50,50,6.8,605.4,33.1
82,sorghum,25,50,50,6.8,605.4,34.0
83,sorghum,25,50,50,6.8,605.4,34.9
84,sorghum,25,50,50,6.8,606.3,25.0
85,sorghum,25,50,50,6.8,606.3,25.9
86,sorghum,25,50,50,6.8,606.3,26.8
87,sorghum,25,50,50,6.8,606.3,27.7
88,sorghum,25,50,50,6.8,606.3,28.6
89,sorghum,25,50,50,6.8,606.3,29.5
90,sorghum,25,50,50,6.8,606.3,30.4
91,sorghum,25,50,50,6.8,606.3,31.3
92,sorghum,25,50,50,6.8,606.3,32.2
93,sorghum,25,50,50,6.8,606.3,33.1
94,sorghum,25,50,50,6.8,606.3,34.0
95,sorghum,25,50,50,6.8,606.3,34.9
96,sorghum,25,50,50,6.8,607.2,25.0
97,sorghum,25,50,50,6.8,607.2,25.9
98,sorghum,25,50,50,6.8,607.2,26.8
99,sorghum,25,50,50,6.8,607.2,27.7
100,sorghum,25,50,50,6.8,607.2,28.6
101,sorghum,25,50,50,6.8,607.2,29.5
102,sorghum,25,50,50,6.8,607.2,30.4
103,sorghum,25,50,50,6.8,607.2,31.3
104,sorghum,25,50,50,6.8,607.2,32.2
105,sorghum,25,50,50,6.8,607.2,33.1
106,sorghum,25,50,50,6.8,607.2,34.0
107,sorghum,25,50,50,6.8,607.2,34.9
108,sorghum,25,50,50,6.8,608.1,25.0
109,sorghum,25,50,50,6.8,608.1,25.9
110,sorghum,25,50,50,6.8,608.1,26.8
111,sorghum,25,50,50,6.8,608.1,27.7
112,sorghum,25,50,50,6.8,608.1,28.6
113,sorghum,25,50,50,6.8,608.1,29.5
114,sorghum,25,50,50,6.8,608.1,30.4
115,sorghum,25,50,50,6.8,608.1,31.3
116,sorghum,25,50,50,6.8,608.1,32.2
117,sorghum,25,50,50,6.8,608.1,33.1
118,sorghum,25,50,50,6.8,608.1,34.0
119,sorghum,25,50,50,6.8,608.1,34.9
120,sorghum,25,50,50,6.8,609.0,25.0
121,sorghum,25,50,50,6.8,609.0,25.9
122,sorghum,25,50,50,6.8,609.0,26.8
123,sorghum,25,50,50,6.8,609.0,27.7
124,sorghum,25,50,50,6.8,609.0,28.6
125,sorghum,25,50,50,6.8,609.0,29.5
126,sorghum,25,50,50,6.8,609.0,30.4
127,sorghum,25,50,50,6.8,609.0,31.3
128,sorghum,25,50,50,6.8,609.0,32.2
129,sorghum,25,50,50,6.8,609.0,33.1
130,sorghum,25,50,50,6.8,609.0,34.0
131,sorghum,25,50,50,6.8,609.0,34.9
132,sorghum,25,50,50,6.8,609.9,25.0
133,sorghum,25,50,50,6.8,609.9,25.9
134,sorghum,25,50,50,6.8,609.9,26.8
135,sorghum,25,50,50,6.8,609.9,27.7
136,sorghum,25,50,50,6.8,609.9,28.6
137,sorghum,25,50,50,6.8,609.9,29.5
138,sorghum,25,50,50,6.8,609.9,30.4
139,sorghum,25,50,50,6.8,609.9,31.3
140,sorghum,25,50,50,6.8,609.9,32.2
141,sorghum,25,50,50,6.8,609.9,33.1
142,sorghum,25,50,50,6.8,609.9,34.0
143,sorghum,25,50,50,6.8,609.9,34.9
144,sorghum,25,50,50,6.8,610.8,25.0
145,sorghum,25,50,50,6.8,610.8,25.9
146,sorghum,25,50,50,6.8,610.8,26.8
147,sorghum,25,50,50,6.8,610.8,27.7
148,sorghum,25,50,50,6.8,610.8,28.6
149,sorghum,25,50,50,6.8,610.8,29.5
150,sorghum,25,50,50,6.8,610.8,30.4
151,sorghum,25,50,50,6.8,610.8,31.3
152,sorghum,25,50,50,6.8,610.8,32.2
153,sorghum,25,50,50,6.8,610.8,33.1
154,sorghum,25,50,50,6.8,610.8,34.0
155,sorghum,25,50,50,6.8,610.8,34.9
156,sorghum,25,50,50,6.8,611.7,25.0
157,sorghum,25,50,50,6.8,611.7,25.9
158,sorghum,25,50,50,6.8,611.7,26.8
159,sorghum,25,50,50,6.8,611.7,27.7
160,sorghum,25,50,50,6.8,611.7,28.6
161,sorghum,25,50,50,6.8,611.7,29.5
162,sorghum,25,50,50,6.8,611.7,30.4
163,sorghum,25,50,50,6.8,611.7,31.3
164,sorghum,25,50,50,6.8,611.7,32.2
165,sorghum,25,50,50,6.8,611.7,33.1
166,sorghum,25,50,50,6.8,611.7,34.0
167,sorghum,25,50,50,6.8,611.7,34.9
168,sorghum,25,50,50,6.8,612.6,25.0
169,sorghum,25,50,50,6.8,612.6,25.9
170,sorghum,25,50,50,6.8,612.6,26.8
171,sorghum,25,50,50,6.8,612.6,27.7
172,sorghum,25,50,50,6.8,612.6,28.6
173,sorghum,25,50,50,6.8,612.6,29.5
174,sorghum,25,50,50,6.8,612.6,30.4
175,sorghum,25,50,50,6.8,612.6,31.3
176,sorghum,25,50,50,6.8,612.6,32.2
177,sorghum,25,50,50,6.8,612.6,33.1
178,sorghum,25,50,50,6.8,612.6,34.0
179,sorghum,25,50,50,6.8,612.6,34.9
180,sorghum,25,50,50,6.8,613.5,25.0
181,sorghum,25,50,50,6.8,613.5,25.9
182,sorghum,25,50,50,6.8,613.5,26.8
183,sorghum,25,50,50,6.8,613.5,27.7
184,sorghum,25,50,50,6.8,613.5,28.6
185,sorghum,25,50,50,6.8,613.5,29.5
186,sorghum,25,50,50,6.8,613.5,30.4
187,sorghum,25,50,50,6.8,613.5,31.3
188,sorghum,25,50,50,6.8,613.5,32.2
189,sorghum,25,50,50,6.8,613.5,33.1
190,sorghum,25,50,50,6.8,613.5,34.0
191,sorghum,25,50,50,6.8,613.5,34.9
192,sorghum,25,50,50,6.8,614.4,25.0
193,sorghum,25,50,50,6.8,614.4,25.9
194,sorghum,25,50,50,6.8,614.4,26.8
195,sorghum,25,50,50,6.8,614.4,27.7
196,sorghum,25,50,50,6.8,614.4,28.6
197,sorghum,25,50,50,6.8,614.4,29.5
198,sorghum,25,50,50,6.8,614.4,30.4
199,sorghum,25,50,50,6.8,614.4,31.3
200,sorghum,25,50,50,6.8,614.4,32.2
201,sorghum,25,50,50,6.8,614.4,33.1
202,sorghum,25,50,50,6.8,614.4,34.0
203,sorghum,25,50,50,6.8,614.4,34.9
204,sorghum,25,50,50,6.8,615.3,25.0
205,sorghum,25,50,50,6.8,615.3,25.9
206,sorghum,25,50,50,6.8,615.3,26.8
207,sorghum,25,50,50,6.8,615.3,27.7
208,sorghum,25,50,50,6.8,615.3,28.6
209,sorghum,25,50,50,6.8,615.3,29.5
210,sorghum,25,50,50,6.8,615.3,30.4
211,sorghum,25,50,50,6.8,615.3,31.3
212,sorghum,25,50,50,6.8,615.3,32.2
213,sorghum,25,50,50,6.8,615.3,33.1
214,sorghum,25,50,50,6.8,615.3,34.0
215,sorghum,25,50,50,6.8,615.3,34.9
216,sorghum,25,50,50,6.8,616.2,25.0
217,sorghum,25,50,50,6.8,616.2,25.9
218,sorghum,25,50,50,6.8,616.2,26.8
219,sorghum,25,50,50,6.8,616.2,27.7
220,sorghum,25,50,50,6.8,616.2,28.6
221,sorghum,25,50,50,6.8,616.2,29.5
222,sorghum,25,50,50,6.8,616.2,30.4
223,sorghum,25,50,50,6.8,616.2,31.3
224,sorghum,25,50,50,6.8,616.2,32.2
225,sorghum,25,50,50,6.8,616.2,33.1
226,sorghum,25,50,50,6.8,616.2,34.0
227,sorghum,25,50,50,6.8,616.2,34.9
228,sorghum,25,50,50,6.8,617.1,25.0
229,sorghum,25,50,50,6.8,617.1,25.9
230,sorghum,25,50,50,6.8,617.1,26.8
231,sorghum,25,50,50,6.8,617.1,27.7
232,sorghum,25,50,50,6.8,617.1,28.6
233,sorghum,25,50,50,6.8,617.1,29.5
234,sorghum,25,50,50,6.8,617.1,30.4
235,sorghum,25,50,50,6.8,617.1,31.3
236,sorghum,25,50,50,6.8,617.1,32.2
237,sorghum,25,50,50,6.8,617.1,33.1
238,sorghum,25,50,50,6.8,617.1,34.0
239,sorghum,25,50,50,6.8,617.1,34.9
240,sorghum,25,50,50,6.8,618.0,25.0
241,sorghum,25,50,50,6.8,618.0,25.9
242,sorghum,25,50,50,6.8,618.0,26.8
243,sorghum,25,50,50,6.8,618.0,27.7
244,sorghum,25,50,50,6.8,618.0,28.6
245,sorghum,25,50,50,6.8,618.0,29.5
246,sorghum,25,50,50,6.8,618.0,30.4
247,sorghum,25,50,50,6.8,618.0,31.3
248,sorghum,25,50,50,6.8,618.0,32.2
249,sorghum,25,50,50,6.8,618.0,33.1
250,sorghum,25,50,50,6.8,618.0,34.0
251,sorghum,25,50,50,6.8,618.0,34.9
252,sorghum,25,50,50,6.8,618.9,25.0
253,sorghum,25,50,50,6.8,618.9,25.9
254,sorghum,25,50,50,6.8,618.9,26.8
255,sorghum,25,50,50,6.8,618.9,27.7
256,sorghum,25,50,50,6.8,618.9,28.6
257,sorghum,25,50,50,6.8,618.9,29.5
258,sorghum,25,50,50,6.8,618.9,30.4
259,sorghum,25,50,50,6.8,618.9,31.3
260,sorghum,25,50,50,6.8,618.9,32.2
261,sorghum,25,50,50,6.8,618.9,33.1
262,sorghum,25,50,50,6.8,618.9,34.0
263,sorghum,25,50,50,6.8,618.9,34.9
264,sorghum,25,50,50,6.8,619.8,25.0
265,sorghum,25,50,50,6.8,619.8,25.9
266,sorghum,25,50,50,6.8,619.8,26.8
267,sorghum,25,50,50,6.8,619.8,27.7
268,sorghum,25,50,50,6.8,619.8,28.6
269,sorghum,25,50,50,6.8,619.8,29.5
270,sorghum,25,50,50,6.8,619.8,30.4
271,sorghum,25,50,50,6.8,619.8,31.3
272,sorghum,25,50,50,6.8,619.8,32.2
273,sorghum,25,50,50,6.8,619.8,33.1
274,sorghum,25,50,50,6.8,619.8,34.0
275,sorghum,25,50,50,6.8,619.8,34.9
276,sorghum,25,50,50,6.8,620.7,25.0
277,sorghum,25,50,50,6.8,620.7,25.9
278,sorghum,25,50,50,6.8,620.7,26.8
279,sorghum,25,50,50,6.8,620.7,27.7
280,sorghum,25,50,50,6.8,620.7,28.6
281,sorghum,25,50,50,6.8,620.7,29.5
282,sorghum,25,50,50,6.8,620.7,30.4
283,sorghum,25,50,50,6.8,620.7,31.3
284,sorghum,25,50,50,6.8,620.7,32.2
285,sorghum,25,50,50,6.8,620.7,33.1
286,sorghum,25,50,50,6.8,620.7,34.0
287,sorghum,25,50,50,6.8,620.7,34.9
288,sorghum,25,50,50,6.8,621.6,25.0
289,sorghum,25,50,50,6.8,621.6,25.9
290,sorghum,25,50,50,6.8,621.6,26.8
291,sorghum,25,50,50,6.8,621.6,27.7
292,sorghum,25,50,50,6.8,621.6,28.6
293,sorghum,25,50,50,6.8,621.6,29.5
294,sorghum,25,50,50,6.8,621.6,30.4
295,sorghum,25,50,50,6.8,621.6,31.3
296,sorghum,25,50,50,6.8,621.6,32.2
297,sorghum,25,50,50,6.8,621.6,33.1
298,sorghum,25,50,50,6.8,621.6,34.0
299,sorghum,25,50,50,6.8,621.6,34.9
300,sorghum,25,50,50,6.8,622.5,25.0
301,sorghum,25,50,50,6.8,622.5,25.9
302,sorghum,25,50,50,6.8,622.5,26.8
303,sorghum,25,50,50,6.8,622.5,27.7
304,sorghum,25,50,50,6.8,622.5,28.6
305,sorghum,25,50,50,6.8,622.5,29.5
306,sorghum,25,50,50,6.8,622.5,30.4
307,sorghum,25,50,50,6.8,622.5,31.3
308,sorghum,25,50,50,6.8,622.5,32.2
309,sorghum,25,50,50,6.8,622.5,33.1
310,sorghum,25,50,50,6.8,622.5,34.0
311,sorghum,25,50,50,6.8,622.5,34.9
312,sorghum,25,50,50,6.8,623.4,25.0
313,sorghum,25,50,50,6.8,623.4,25.9
314,sorghum,25,50,50,6.8,623.4,26.8
315,sorghum,25,50,50,6.8,623.4,27.7
316,sorghum,25,50,50,6.8,623.4,28.6
317,sorghum,25,50,50,6.8,623.4,29.5
318,sorghum,25,50,50,6.8,623.4,30.4
319,sorghum,25,50,50,6.8,623.4,31.3
320,sorghum,25,50,50,6.8,623.4,32.2
321,sorghum,25,50,50,6.8,623.4,33.1
322,sorghum,25,50,50,6.8,623.4,34.0
323,sorghum,25,50,50,6.8,623.4,34.9
324,sorghum,25,50,50,6.8,624.3,25.0
325,sorghum,25,50,50,6.8,624.3,25.9
326,sorghum,25,50,50,6.8,624.3,26.8
327,sorghum,25,50,50,6.8,624.3,27.7
328,sorghum,25,50,50,6.8,624.3,28.6
329,sorghum,25,50,50,6.8,624.3,29.5
330,sorghum,25,50,50,6.8,624.3,30.4
331,sorghum,25,50,50,6.8,624.3,31.3
332,sorghum,25,50,50,6.8,624.3,32.2
333,sorghum,25,50,50,6.8,624.3,33.1
334,sorghum,25,50,50,6.8,624.3,34.0
335,sorghum,25,50,50,6.8,624.3,34.9
336,sorghum,25,50,50,6.8,625.2,25.0
337,sorghum,25,50,50,6.8,625.2,25.9
338,sorghum,25,50,50,6.8,625.2,26.8
339,sorghum,25,50,50,6.8,625.2,27.7
340,sorghum,25,50,50,6.8,625.2,28.6
341,sorghum,25,50,50,6.8,625.2,29.5
342,sorghum,25,50,50,6.8,625.2,30.4
343,sorghum,25,50,50,6.8,625.2,31.3
344,sorghum,25,50,50,6.8,625.2,32.2
345,sorghum,25,50,50,6.8,625.2,33.1
346,sorghum,25,50,50,6.8,625.2,34.0
347,sorghum,25,50,50,6.8,625.2,34.9
348,sorghum,25,50,50,6.8,626.1,25.0
349,sorghum,25,50,50,6.8,626.1,25.9
350,sorghum,25,50,50,6.8,626.1,26.8
351,sorghum,25,50,50,6.8,626.1,27.7
352,sorghum,25,50,50,6.8,626.1,28.6
353,sorghum,25,50,50,6.8,626.1,29.5
354,sorghum,25,50,50,6.8,626.1,30.4
355,sorghum,25,50,50,6.8,626.1,31.3
356,sorghum,25,50,50,6.8,626.1,32.2
357,sorghum,25,50,50,6.8,626.1,33.1
358,sorghum,25,50,50,6.8,626.1,34.0
359,sorghum,25,50,50,6.8,626.1,34.9
360,sorghum,25,50,50,6.8,627.0,25.0
361,sorghum,25,50,50,6.8,627.0,25.9
362,sorghum,25,50,50,6.8,627.0,26.8
363,sorghum,25,50,50,6.8,627.0,27.7
364,sorghum,25,50,50,6.8,627.0,28.6
365,sorghum,25,50,50,6.8,627.0,29.5
366,sorghum,25,50,50,6.8,627.0,30.4
367,sorghum,25,50,50,6.8,627.0,31.3
368,sorghum,25,50,50,6.8,627.0,32.2
369,sorghum,25,50,50,6.8,627.0,33.1
370,sorghum,25,50,50,6.8,627.0,34.0
371,sorghum,25,50,50,6.8,627.0,34.9
372,sorghum,25,50,50,6.8,627.9,25.0
373,sorghum,25,50,50,6.8,627.9,25.9
374,sorghum,25,50,50,6.8,627.9,26.8
375,sorghum,25,50,50,6.8,627.9,27.7
376,sorghum,25,50,50,6.8,627.9,28.6
377,sorghum,25,50,50,6.8,627.9,29.5
378,sorghum,25,50,50,6.8,627.9,30.4
379,sorghum,25,50,50,6.8,627.9,31.3
380,sorghum,25,50,50,6.8,627.9,32.2
381,sorghum,25,50,50,6.8,627.9,33.1
382,sorghum,25,50,50,6.8,627.9,34.0
383,sorghum,25,50,50,6.8,627.9,34.9
384,sorghum,25,50,50,6.8,628.8,25.0
385,sorghum,25,50,50,6.8,628.8,25.9
386,sorghum,25,50,50,6.8,628.8,26.8
387,sorghum,25,50,50,6.8,628.8,27.7
388,sorghum,25,50,50,6.8,628.8,28.6
389,sorghum,25,50,50,6.8,628.8,29.5
390,sorghum,25,50,50,6.8,628.8,30.4
391,sorghum,25,50,50,6.8,628.8,31.3
392,sorghum,25,50,50,6.8,628.8,32.2
393,sorghum,25,50,50,6.8,628.8,33.1
394,sorghum,25,50,50,6.8,628.8,34.0
395,sorghum,25,50,50,6.8,628.8,34.9
396,sorghum,25,50,50,6.8,629.7,25.0
397,sorghum,25,50,50,6.8,629.7,25.9
398,sorghum,25,50,50,6.8,629.7,26.8
399,sorghum,25,50,50,6.8,629.7,27.7
400,sorghum,25,50,50,6.8,629.7,28.6
401,sorghum,25,50,50,6.8,629.7,29.5
402,sorghum,25,50,50,6.8,629.7,30.4
403,sorghum,25,50,50,6.8,629.7,31.3
404,sorghum,25,50,50,6.8,629.7,32.2
405,sorghum,25,50,50,6.8,629.7,33.1
406,sorghum,25,50,50,6.8,629.7,34.0
407,sorghum,25,50,50,6.8,629.7,34.9
408,sorghum,25,50,50,6.8,630.6,25.0
409,sorghum,25,50,50,6.8,630.6,25.9
410,sorghum,25,50,50,6.8,630.6,26.8
411,sorghum,25,50,50,6.8,630.6,27.7
412,sorghum,25,50,50,6.8,630.6,28.6
413,sorghum,25,50,50,6.8,630.6,29.5
414,sorghum,25,50,50,6.8,630.6,30.4
415,sorghum,25,50,50,6.8,630.6,31.3
416,sorghum,25,50,50,6.8,630.6,32.2
417,sorghum,25,50,50,6.8,630.6,33.1
418,sorghum,25,50,50,6.8,630.6,34.0
419,sorghum,25,50,50,6.8,630.6,34.9
420,sorghum,25,50,50,6.8,631.5,25.0
421,sorghum,25,50,50,6.8,631.5,25.9
422,sorghum,25,50,50,6.8,631.5,26.8
423,sorghum,25,50,50,6.8,631.5,27.7
424,sorghum,25,50,50,6.8,631.5,28.6
425,sorghum,25,50,50,6.8,631.5,29.5
426,sorghum,25,50,50,6.8,631.5,30.4
427,sorghum,25,50,50,6.8,631.5,31.3
428,sorghum,25,50,50,6.8,631.5,32.2
429,sorghum,25,50,50,6.8,631.5,33.1
430,sorghum,25,50,50,6.8,631.5,34.0
431,sorghum,25,50,50,6.8,631.5,34.9
432,sorghum,25,50,50,6.8,632.4,25.0
433,sorghum,25,50,50,6.8,632.4,25.9
434,sorghum,25,50,50,6.8,632.4,26.8
435,sorghum,25,50,50,6.8,632.4,27.7
436,sorghum,25,50,50,6.8,632.4,28.6
437,sorghum,25,50,50,6.8,632.4,29.5
438,sorghum,25,50,50,6.8,632.4,30.4
439,sorghum,25,50,50,6.8,632.4,31.3
440,sorghum,25,50,50,6.8,632.4,32.2
441,sorghum,25,50,50,6.8,632.4,33.1
442,sorghum,25,50,50,6.8,632.4,34.0
443,sorghum,25,50,50,6.8,632.4,34.9
444,sorghum,25,50,50,6.8,633.3,25.0
445,sorghum,25,50,50,6.8,633.3,25.9
446,sorghum,25,50,50,6.8,633.3,26.8
447,sorghum,25,50,50,6.8,633.3,27.7
448,sorghum,25,50,50,6.8,633.3,28.6
449,sorghum,25,50,50,6.8,633.3,29.5
450,sorghum,25,50,50,6.8,633.3,30.4
451,sorghum,25,50,50,6.8,633.3,31.3
452,sorghum,25,50,50,6.8,633.3,32.2
453,sorghum,25,50,50,6.8,633.3,33.1
454,sorghum,25,50,50,6.8,633.3,34.0
455,sorghum,25,50,50,6.8,633.3,34.9
456,sorghum,25,50,50,6.8,634.2,25.0
457,sorghum,25,50,50,6.8,634.2,25.9
458,sorghum,25,50,50,6.8,634.2,26.8
459,sorghum,25,50,50,6.8,634.2,27.7
460,sorghum,25,50,50,6.8,634.2,28.6
461,sorghum,25,50,50,6.8,634.2,29.5
462,sorghum,25,50,50,6.8,634.2,30.4
463,sorghum,25,50,50,6.8,634.2,31.3
464,sorghum,25,50,50,6.8,634.2,32.2
465,sorghum,25,50,50,6.8,634.2,33.1
466,sorghum,25,50,50,6.8,634.2,34.0
467,sorghum,25,50,50,6.8,634.2,34.9
468,sorghum,25,50,50,6.8,635.1,25.0
469,sorghum,25,50,50,6.8,635.1,25.9
470,sorghum,25,50,50,6.8,635.1,26.8
471,sorghum,25,50,50,6.8,635.1,27.7
472,sorghum,25,50,50,6.8,635.1,28.6
473,sorghum,25,50,50,6.8,635.1,29.5
474,sorghum,25,50,50,6.8,635.1,30.4
475,sorghum,25,50,50,6.8,635.1,31.3
476,sorghum,25,50,50,6.8,635.1,32.2
477,sorghum,25,50,50,6.8,635.1,33.1
478,sorghum,25,50,50,6.8,635.1,34.0
479,sorghum,25,50,50,6.8,635.1,34.9
480,sorghum,25,50,50,6.8,636.0,25.0
481,sorghum,25,50,50,6.8,636.0,25.9
482,sorghum,25,50,50,6.8,636.0,26.8
483,sorghum,25,50,50,6.8,636.0,27.7
484,sorghum,25,50,50,6.8,636.0,28.6
485,sorghum,25,50,50,6.8,636.0,29.5
486,sorghum,25,50,50,6.8,636.0,30.4
487,sorghum,25,50,50,6.8,636.0,31.3
488,sorghum,25,50,50,6.8,636.0,32.2
489,sorghum,25,50,50,6.8,636.0,33.1
490,sorghum,25,50,50,6.8,636.0,34.0
491,sorghum,25,50,50,6.8,636.0,34.9
492,sorghum,25,50,50,6.8,636.9,25.0
493,sorghum,25,50,50,6.8,636.9,25.9
494,sorghum,25,50,50,6.8,636.9,26.8
495,sorghum,25,50,50,6.8,636.9,27.7
496,sorghum,25,50,50,6.8,636.9,28.6
497,sorghum,25,50,50,6.8,636.9,29.5
498,sorghum,25,50,50,6.8,636.9,30.4
499,sorghum,25,50,50,6.8,636.9,31.3
500,sorghum,25,50,50,6.8,636.9,32.2
501,sorghum,25,50,50,6.8,636.9,33.1
502,sorghum,25,50,50,6.8,636.9,34.0
503,sorghum,25,50,50,6.8,636.9,34.9
504,sorghum,25,50,50,6.8,637.8,25.0
505,sorghum,25,50,50,6.8,637.8,25.9
506,sorghum,25,50,50,6.8,637.8,26.8
507,sorghum,25,50,50,6.8,637.8,27.7
508,sorghum,25,50,50,6.8,637.8,28.6
509,sorghum,25,50,50,6.8,637.8,29.5
510,sorghum,25,50,50,6.8,637.8,30.4
511,sorghum,25,50,50,6.8,637.8,31.3
512,sorghum,25,50,50,6.8,637.8,32.2
513,sorghum,25,50,50,6.8,637.8,33.1
514,sorghum,25,50,50,6.8,637.8,34.0
515,sorghum,25,50,50,6.8,637.8,34.9
516,sorghum,25,50,50,6.8,638.7,25.0
517,sorghum,25,50,50,6.8,638.7,25.9
518,sorghum,25,50,50,6.8,638.7,26.8
519,sorghum,25,50,50,6.8,638.7,27.7
520,sorghum,25,50,50,6.8,638.7,28.6
521,sorghum,25,50,50,6.8,638.7,29.5
522,sorghum,25,50,50,6.8,638.7,30.4
523,sorghum,25,50,50,6.8,638.7,31.3
524,sorghum,25,50,50,6.8,638.7,32.2
525,sorghum,25,50,50,6.8,638.7,33.1
526,sorghum,25,50,50,6.8,638.7,34.0
527,sorghum,25,50,50,6.8,638.7,34.9
528,sorghum,25,50,50,6.8,639.6,25.0
529,sorghum,25,50,50,6.8,639.6,25.9
530,sorghum,25,50,50,6.8,639.6,26.8
531,sorghum,25,50,50,6.8,639.6,27.7
532,sorghum,25,50,50,6.8,639.6,28.6
533,sorghum,25,50,50,6.8,639.6,29.5
534,sorghum,25,50,50,6.8,639.6,30.4
535,sorghum,25,50,50,6.8,639.6,31.3
536,sorghum,25,50,50,6.8,639.6,32.2
537,sorghum,25,50,50,6.8,639.6,33.1
538,sorghum,25,50,50,6.8,639.6,34.0
539,sorghum,25,50,50,6.8,639.6,34.9
540,sorghum,25,50,50,6.8,640.5,25.0
541,sorghum,25,50,50,6.8,640.5,25.9
542,sorghum,25,50,50,6.8,640.5,26.8
543,sorghum,25,50,50,6.8,640.5,27.7
544,sorghum,25,50,50,6.8,640.5,28.6
545,sorghum,25,50,50,6.8,640.5,29.5
546,sorghum,25,50,50,6.8,640.5,30.4
547,sorghum,25,50,50,6.8,640.5,31.3
548,sorghum,25,50,50,6.8,640.5,32.2
549,sorghum,25,50,50,6.8,640.5,33.1
550,sorghum,25,50,50,6.8,640.5,34.0
551,sorghum,25,50,50,6.8,640.5,34.9
552,sorghum,25,50,50,6.8,641.4,25.0
553,sorghum,25,50,50,6.8,641.4,25.9
554,sorghum,25,50,50,6.8,641.4,26.8
555,sorghum,25,50,50,6.8,641.4,27.7
556,sorghum,25,50,50,6.8,641.4,28.6
557,sorghum,25,50,50,6.8,641.4,29.5
558,sorghum,25,50,50,6.8,641.4,30.4
559,sorghum,25,50,50,6.8,641.4,31.3
560,sorghum,25,50,50,6.8,641.4,32.2
561,sorghum,25,50,50,6.8,641.4,33.1
562,sorghum,25,50,50,6.8,641.4,34.0
563,sorghum,25,50,50,6.8,641.4,34.9
564,sorghum,25,50,50,6.8,642.3,25.0
565,sorghum,25,50,50,6.8,642.3,25.9
566,sorghum,25,50,50,6.8,642.3,26.8
567,sorghum,25,50,50,6.8,642.3,27.7
568,sorghum,25,50,50,6.8,642.3,28.6
569,sorghum,25,50,50,6.8,642.3,29.5
570,sorghum,25,50,50,6.8,642.3,30.4
571,sorghum,25,50,50,6.8,642.3,31.3
572,sorghum,25,50,50,6.8,642.3,32.2
573,sorghum,25,50,50,6.8,642.3,33.1
574,sorghum,25,50,50,6.8,642.3,34.0
575,sorghum,25,50,50,6.8,642.3,34.9
576,sorghum,25,50,50,6.8,643.2,25.0
577,sorghum,25,50,50,6.8,643.2,25.9
578,sorghum,25,50,50,6.8,643.2,26.8
579,sorghum,25,50,50,6.8,643.2,27.7
580,sorghum,25,50,50,6.8,643.2,28.6
581,sorghum,25,50,50,6.8,643.2,29.5
582,sorghum,25,50,50,6.8,643.2,30.4
583,sorghum,25,50,50,6.8,643.2,31.3
584,sorghum,25,50,50,6.8,643.2,32.2
585,sorghum,25,50,50,6.8,643.2,33.1
586,sorghum,25,50,50,6.8,643.2,34.0
587,sorghum,25,50,50,6.8,643.2,34.9
588,sorghum,25,50,50,6.8,644.1,25.0
589,sorghum,25,50,50,6.8,644.1,25.9
590,sorghum,25,50,50,6.8,644.1,26.8
591,sorghum,25,50,50,6.8,644.1,27.7
592,sorghum,25,50,50,6.8,644.1,28.6
593,sorghum,25,50,50,6.8,644.1,29.5
594,sorghum,25,50,50,6.8,644.1,30.4
595,sorghum,25,50,50,6.8,644.1,31.3
596,sorghum,25,50,50,6.8,644.1,32.2
597,sorghum,25,50,50,6.8,644.1,33.1
598,sorghum,25,50,50,6.8,644.1,34.0
599,sorghum,25,50,50,6.8,644.1,34.9
600,sorghum,25,50,50,6.8,645.0,25.0
601,sorghum,25,50,50,6.8,645.0,25.9
602,sorghum,25,50,50,6.8,645.0,26.8
603,sorghum,25,50,50,6.8,645.0,27.7
604,sorghum,25,50,50,6.8,645.0,28.6
605,sorghum,25,50,50,6.8,645.0,29.5
606,sorghum,25,50,50,6.8,645.0,30.4
607,sorghum,25,50,50,6.8,645.0,31.3
608,sorghum,25,50,50,6.8,645.0,32.2
609,sorghum,25,50,50,6.8,645.0,33.1
610,sorghum,25,50,50,6.8,645.0,34.0
611,sorghum,25,50,50,6.8,645.0,34.9
612,sorghum,25,50,50,6.8,645.9,25.0
613,sorghum,25,50,50,6.8,645.9,25.9
614,sorghum,25,50,50,6.8,645.9,26.8
615,sorghum,25,50,50,6.8,645.9,27.7
616,sorghum,25,50,50,6.8,645.9,28.6
617,sorghum,25,50,50,6.8,645.9,29.5
618,sorghum,25,50,50,6.8,645.9,30.4
619,sorghum,25,50,50,6.8,645.9,31.3
620,sorghum,25,50,50,6.8,645.9,32.2
621,sorghum,25,50,50,6.8,645.9,33.1
622,sorghum,25,50,50,6.8,645.9,34.0
623,sorghum,25,50,50,6.8,645.9,34.9
624,sorghum,25,50,50,6.8,646.8,25.0
625,sorghum,25,50,50,6.8,646.8,25.9
626,sorghum,25,50,50,6.8,646.8,26.8
627,sorghum,25,50,50,6.8,646.8,27.7
628,sorghum,25,50,50,6.8,646.8,28.6
629,sorghum,25,50,50,6.8,646.8,29.5
630,sorghum,25,50,50,6.8,646.8,30.4
631,sorghum,25,50,50,6.8,646.8,31.3
632,sorghum,25,50,50,6.8,646.8,32.2
633,sorghum,25,50,50,6.8,646.8,33.1
634,sorghum,25,50,50,6.8,646.8,34.0
635,sorghum,25,50,50,6.8,646.8,34.9
636,sorghum,25,50,50,6.8,647.7,25.0
637,sorghum,25,50,50,6.8,647.7,25.9
638,sorghum,25,50,50,6.8,647.7,26.8
639,sorghum,25,50,50,6.8,647.7,27.7
640,sorghum,25,50,50,6.8,647.7,28.6
641,sorghum,25,50,50,6.8,647.7,29.5
642,sorghum,25,50,50,6.8,647.7,30.4
643,sorghum,25,50,50,6.8,647.7,31.3
644,sorghum,25,50,50,6.8,647.7,32.2
645,sorghum,25,50,50,6.8,647.7,33.1
646,sorghum,25,50,50,6.8,647.7,34.0
647,sorghum,25,50,50,6.8,647.7,34.9
648,sorghum,25,50,50,6.8,648.6,25.0
649,sorghum,25,50,50,6.8,648.6,25.9
650,sorghum,25,50,50,6.8,648.6,26.8
651,sorghum,25,50,50,6.8,648.6,27.7
652,sorghum,25,50,50,6.8,648.6,28.6
653,sorghum,25,50,50,6.8,648.6,29.5
654,sorghum,25,50,50,6.8,648.6,30.4
655,sorghum,25,50,50,6.8,648.6,31.3
656,sorghum,25,50,50,6.8,648.6,32.2
657,sorghum,25,50,50,6.8,648.6,33.1
658,sorghum,25,50,50,6.8,648.6,34.0
659,sorghum,25,50,50,6.8,648.6,34.9
660,sorghum,25,50,50,6.8,649.5,25.0
661,sorghum,25,50,50,6.8,649.5,25.9
662,sorghum,25,50,50,6.8,649.5,26.8
663,sorghum,25,50,50,6.8,649.5,27.7
664,sorghum,25,50,50,6.8,649.5,28.6
665,sorghum,25,50,50,6.8,649.5,29.5
666,sorghum,25,50,50,6.8,649.5,30.4
667,sorghum,25,50,50,6.8,649.5,31.3
668,sorghum,25,50,50,6.8,649.5,32.2
669,sorghum,25,50,50,6.8,649.5,33.1
670,sorghum,25,50,50,6.8,649.5,34.0
671,sorghum,25,50,50,6.8,649.5,34.9
672,sorghum,25,50,50,6.8,650.4,25.0
673,sorghum,25,50,50,6.8,650.4,25.9
674,sorghum,25,50,50,6.8,650.4,26.8
675,sorghum,25,50,50,6.8,650.4,27.7
676,sorghum,25,50,50,6.8,650.4,28.6
677,sorghum,25,50,50,6.8,650.4,29.5
678,sorghum,25,50,50,6.8,650.4,30.4
679,sorghum,25,50,50,6.8,650.4,31.3
680,sorghum,25,50,50,6.8,650.4,32.2
681,sorghum,25,50,50,6.8,650.4,33.1
682,sorghum,25,50,50,6.8,650.4,34.0
683,sorghum,25,50,50,6.8,650.4,34.9
684,sorghum,25,50,50,6.8,651.3,25.0
685,sorghum,25,50,50,6.8,651.3,25.9
686,sorghum,25,50,50,6.8,651.3,26.8
687,sorghum,25,50,50,6.8,651.3,27.7
688,sorghum,25,50,50,6.8,651.3,28.6
689,sorghum,25,50,50,6.8,651.3,29.5
690,sorghum,25,50,50,6.8,651.3,30.4
691,sorghum,25,50,50,6.8,651.3,31.3
692,sorghum,25,50,50,6.8,651.3,32.2
693,sorghum,25,50,50,6.8,651.3,33.1
694,sorghum,25,50,50,6.8,651.3,34.0
695,sorghum,25,50,50,6.8,651.3,34.9
696,sorghum,25,50,50,6.8,652.2,25.0
697,sorghum,25,50,50,6.8,652.2,25.9
698,sorghum,25,50,50,6.8,652.2,26.8
699,sorghum,25,50,50,6.8,652.2,27.7
700,sorghum,25,50,50,6.8,652.2,28.6
701,sorghum,25,50,50,6.8,652.2,29.5
702,sorghum,25,50,50,6.8,652.2,30.4
703,sorghum,25,50,50,6.8,652.2,31.3
704,sorghum,25,50,50,6.8,652.2,32.2
705,sorghum,25,50,50,6.8,652.2,33.1
706,sorghum,25,50,50,6.8,652.2,34.0
707,sorghum,25,50,50,6.8,652.2,34.9
708,sorghum,25,50,50,6.8,653.1,25.0
709,sorghum,25,50,50,6.8,653.1,25.9
710,sorghum,25,50,50,6.8,653.1,26.8
711,sorghum,25,50,50,6.8,653.1,27.7
712,sorghum,25,50,50,6.8,653.1,28.6
713,sorghum,25,50,50,6.8,653.1,29.5
714,sorghum,25,50,50,6.8,653.1,30.4
715,sorghum,25,50,50,6.8,653.1,31.3
716,sorghum,25,50,50,6.8,653.1,32.2
717,sorghum,25,50,50,6.8,653.1,33.1
718,sorghum,25,50,50,6.8,653.1,34.0
719,sorghum,25,50,50,6.8,653.1,34.9
720,sorghum,25,50,50,6.8,654.0,25.0
721,sorghum,25,50,50,6.8,654.0,25.9
722,sorghum,25,50,50,6.8,654.0,26.8
723,sorghum,25,50,50,6.8,654.0,27.7
724,sorghum,25,50,50,6.8,654.0,28.6
725,sorghum,25,50,50,6.8,654.0,29.5
726,sorghum,25,50,50,6.8,654.0,30.4
727,sorghum,25,50,50,6.8,654.0,31.3
728,sorghum,25,50,50,6.8,654.0,32.2
729,sorghum,25,50,50,6.8,654.0,33.1
730,sorghum,25,50,50,6.8,654.0,34.0
731,sorghum,25,50,50,6.8,654.0,34.9
732,sorghum,25,50,50,6.8,654.9,25.0
733,sorghum,25,50,50,6.8,654.9,25.9
734,sorghum,25,50,50,6.8,654.9,26.8
735,sorghum,25,50,50,6.8,654.9,27.7
736,sorghum,25,50,50,6.8,654.9,28.6
737,sorghum,25,50,50,6.8,654.9,29.5
738,sorghum,25,50,50,6.8,654.9,30.4
739,sorghum,25,50,50,6.8,654.9,31.3
740,sorghum,25,50,50,6.8,654.9,32.2
741,sorghum,25,50,50,6.8,654.9,33.1
742,sorghum,25,50,50,6.8,654.9,34.0
743,sorghum,25,50,50,6.8,654.9,34.9
744,sorghum,25,50,50,6.8,655.8,25.0
745,sorghum,25,50,50,6.8,655.8,25.9
746,sorghum,25,50,50,6.8,655.8,26.8
747,sorghum,25,50,50,6.8,655.8,27.7
748,sorghum,25,50,50,6.8,655.8,28.6
749,sorghum,25,50,50,6.8,655.8,29.5
750,sorghum,25,50,50,6.8,655.8,30.4
751,sorghum,25,50,50,6.8,655.8,31.3
752,sorghum,25,50,50,6.8,655.8,32.2
753,sorghum,25,50,50,6.8,655.8,33.1
754,sorghum,25,50,50,6.8,655.8,34.0
755,sorghum,25,50,50,6.8,655.8,34.9
756,sorghum,25,50,50,6.8,656.7,25.0
757,sorghum,25,50,50,6.8,656.7,25.9
758,sorghum,25,50,50,6.8,656.7,26.8
759,sorghum,25,50,50,6.8,656.7,27.7
760,sorghum,25,50,50,6.8,656.7,28.6
761,sorghum,25,50,50,6.8,656.7,29.5
762,sorghum,25,50,50,6.8,656.7,30.4
763,sorghum,25,50,50,6.8,656.7,31.3
764,sorghum,25,50,50,6.8,656.7,32.2
765,sorghum,25,50,50,6.8,656.7,33.1
766,sorghum,25,50,50,6.8,656.7,34.0
767,sorghum,25,50,50,6.8,656.7,34.9
768,sorghum,25,50,50,6.8,657.6,25.0
769,sorghum,25,50,50,6.8,657.6,25.9
770,sorghum,25,50,50,6.8,657.6,26.8
771,sorghum,25,50,50,6.8,657.6,27.7
772,sorghum,25,50,50,6.8,657.6,28.6
773,sorghum,25,50,50,6.8,657.6,29.5
774,sorghum,25,50,50,6.8,657.6,30.4
775,sorghum,25,50,50,6.8,657.6,31.3
776,sorghum,25,50,50,6.8,657.6,32.2
777,sorghum,25,50,50,6.8,657.6,33.1
778,sorghum,25,50,50,6.8,657.6,34.0
779,sorghum,25,50,50,6.8,657.6,34.9
780,sorghum,25,50,50,6.8,658.5,25.0
781,sorghum,25,50,50,6.8,658.5,25.9
782,sorghum,25,50,50,6.8,658.5,26.8
783,sorghum,25,50,50,6.8,658.5,27.7
784,sorghum,25,50,50,6.8,658.5,28.6
785,sorghum,25,50,50,6.8,658.5,29.5
786,sorghum,25,50,50,6.8,658.5,30.4
787,sorghum,25,50,50,6.8,658.5,31.3
788,sorghum,25,50,50,6.8,658.5,32.2
789,sorghum,25,50,50,6.8,658.5,33.1
790,sorghum,25,50,50,6.8,658.5,34.0
791,sorghum,25,50,50,6.8,658.5,34.9
792,sorghum,25,50,50,6.8,659.4,25.0
793,sorghum,25,50,50,6.8,659.4,25.9
794,sorghum,25,50,50,6.8,659.4,26.8
795,sorghum,25,50,50,6.8,659.4,27.7
796,sorghum,25,50,50,6.8,659.4,28.6
797,sorghum,25,50,50,6.8,659.4,29.5
798,sorghum,25,50,50,6.8,659.4,30.4
799,sorghum,25,50,50,6.8,659.4,31.3
800,sorghum,25,50,50,6.8,659.4,32.2
801,sorghum,25,50,50,6.8,659.4,33.1
802,sorghum,25,50,50,6.8,659.4,34.0
803,sorghum,25,50,50,6.8,659.4,34.9
804,sorghum,25,50,50,6.8,660.3,25.0
805,sorghum,25,50,50,6.8,660.3,25.9
806,sorghum,25,50,50,6.8,660.3,26.8
807,sorghum,25,50,50,6.8,660.3,27.7
808,sorghum,25,50,50,6.8,660.3,28.6
809,sorghum,25,50,50,6.8,660.3,29.5
810,sorghum,25,50,50,6.8,660.3,30.4
811,sorghum,25,50,50,6.8,660.3,31.3
812,sorghum,25,50,50,6.8,660.3,32.2
813,sorghum,25,50,50,6.8,660.3,33.1
814,sorghum,25,50,50,6.8,660.3,34.0
815,sorghum,25,50,50,6.8,660.3,34.9
816,sorghum,25,50,50,6.8,661.2,25.0
817,sorghum,25,50,50,6.8,661.2,25.9
818,sorghum,25,50,50,6.8,661.2,26.8
819,sorghum,25,50,50,6.8,661.2,27.7
820,sorghum,25,50,50,6.8,661.2,28.6
821,sorghum,25,50,50,6.8,661.2,29.5
822,sorghum,25,50,50,6.8,661.2,30.4
823,sorghum,25,50,50,6.8,661.2,31.3
824,sorghum,25,50,50,6.8,661.2,32.2
825,sorghum,25,50,50,6.8,661.2,33.1
826,sorghum,25,50,50,6.8,661.2,34.0
827,sorghum,25,50,50,6.8,661.2,34.9
828,sorghum,25,50,50,6.8,662.1,25.0
829,sorghum,25,50,50,6.8,662.1,25.9
830,sorghum,25,50,50,6.8,662.1,26.8
831,sorghum,25,50,50,6.8,662.1,27.7
832,sorghum,25,50,50,6.8,662.1,28.6
833,sorghum,25,50,50,6.8,662.1,29.5
834,sorghum,25,50,50,6.8,662.1,30.4
835,sorghum,25,50,50,6.8,662.1,31.3
836,sorghum,25,50,50,6.8,662.1,32.2
837,sorghum,25,50,50,6.8,662.1,33.1
838,sorghum,25,50,50,6.8,662.1,34.0
839,sorghum,25,50,50,6.8,662.1,34.9
840,sorghum,25,50,50,6.8,663.0,25.0
841,sorghum,25,50,50,6.8,663.0,25.9
842,sorghum,25,50,50,6.8,663.0,26.8
843,sorghum,25,50,50,6.8,663.0,27.7
844,sorghum,25,50,50,6.8,663.0,28.6
845,sorghum,25,50,50,6.8,663.0,29.5
846,sorghum,25,50,50,6.8,663.0,30.4
847,sorghum,25,50,50,6.8,663.0,31.3
848,sorghum,25,50,50,6.8,663.0,32.2
849,sorghum,25,50,50,6.8,663.0,33.1
850,sorghum,25,50,50,6.8,663.0,34.0
851,sorghum,25,50,50,6.8,663.0,34.9
852,sorghum,25,50,50,6.8,663.9,25.0
853,sorghum,25,50,50,6.8,663.9,25.9
854,sorghum,25,50,50,6.8,663.9,26.8
855,sorghum,25,50,50,6.8,663.9,27.7
856,sorghum,25,50,50,6.8,663.9,28.6
857,sorghum,25,50,50,6.8,663.9,29.5
858,sorghum,25,50,50,6.8,663.9,30.4
859,sorghum,25,50,50,6.8,663.9,31.3
860,sorghum,25,50,50,6.8,663.9,32.2
861,sorghum,25,50,50,6.8,663.9,33.1
862,sorghum,25,50,50,6.8,663.9,34.0
863,sorghum,25,50,50,6.8,663.9,34.9
864,sorghum,25,50,50,6.8,664.8,25.0
865,sorghum,25,50,50,6.8,664.8,25.9
866,sorghum,25,50,50,6.8,664.8,26.8
867,sorghum,25,50,50,6.8,664.8,27.7
868,sorghum,25,50,50,6.8,664.8,28.6
869,sorghum,25,50,50,6.8,664.8,29.5
870,sorghum,25,50,50,6.8,664.8,30.4
871,sorghum,25,50,50,6.8,664.8,31.3
872,sorghum,25,50,50,6.8,664.8,32.2
873,sorghum,25,50,50,6.8,664.8,33.1
874,sorghum,25,50,50,6.8,664.8,34.0
875,sorghum,25,50,50,6.8,664.8,34.9
876,sorghum,25,50,50,6.8,665.7,25.0
877,sorghum,25,50,50,6.8,665.7,25.9
878,sorghum,25,50,50,6.8,665.7,26.8
879,sorghum,25,50,50,6.8,665.7,27.7
880,sorghum,25,50,50,6.8,665.7,28.6
881,sorghum,25,50,50,6.8,665.7,29.5
882,sorghum,25,50,50,6.8,665.7,30.4
883,sorghum,25,50,50,6.8,665.7,31.3
884,sorghum,25,50,50,6.8,665.7,32.2
885,sorghum,25,50,50,6.8,665.7,33.1
886,sorghum,25,50,50,6.8,665.7,34.0
887,sorghum,25,50,50,6.8,665.7,34.9
888,sorghum,25,50,50,6.8,666.6,25.0
889,sorghum,25,50,50,6.8,666.6,25.9
890,sorghum,25,50,50,6.8,666.6,26.8
891,sorghum,25,50,50,6.8,666.6,27.7
892,sorghum,25,50,50,6.8,666.6,28.6
893,sorghum,25,50,50,6.8,666.6,29.5
894,sorghum,25,50,50,6.8,666.6,30.4
895,sorghum,25,50,50,6.8,666.6,31.3
896,sorghum,25,50,50,6.8,666.6,32.2
897,sorghum,25,50,50,6.8,666.6,33.1
898,sorghum,25,50,50,6.8,666.6,34.0
899,sorghum,25,50,50,6.8,666.6,34.9
900,sorghum,25,50,50,6.8,667.5,25.0
901,sorghum,25,50,50,6.8,667.5,25.9
902,sorghum,25,50,50,6.8,667.5,26.8
903,sorghum,25,50,50,6.8,667.5,27.7
904,sorghum,25,50,50,6.8,667.5,28.6
905,sorghum,25,50,50,6.8,667.5,29.5
906,sorghum,25,50,50,6.8,667.5,30.4
907,sorghum,25,50,50,6.8,667.5,31.3
908,sorghum,25,50,50,6.8,667.5,32.2
909,sorghum,25,50,50,6.8,667.5,33.1
910,sorghum,25,50,50,6.8,667.5,34.0
911,sorghum,25,50,50,6.8,667.5,34.9
912,sorghum,25,50,50,6.8,668.4,25.0
913,sorghum,25,50,50,6.8,668.4,25.9
914,sorghum,25,50,50,6.8,668.4,26.8
915,sorghum,25,50,50,6.8,668.4,27.7
916,sorghum,25,50,50,6.8,668.4,28.6
917,sorghum,25,50,50,6.8,668.4,29.5
918,sorghum,25,50,50,6.8,668.4,30.4
919,sorghum,25,50,50,6.8,668.4,31.3
920,sorghum,25,50,50,6.8,668.4,32.2
921,sorghum,25,50,50,6.8,668.4,33.1
922,sorghum,25,50,50,6.8,668.4,34.0
923,sorghum,25,50,50,6.8,668.4,34.9
924,sorghum,25,50,50,6.8,669.3,25.0
925,sorghum,25,50,50,6.8,669.3,25.9
926,sorghum,25,50,50,6.8,669.3,26.8
927,sorghum,25,50,50,6.8,669.3,27.7
928,sorghum,25,50,50,6.8,669.3,28.6
929,sorghum,25,50,50,6.8,669.3,29.5
930,sorghum,25,50,50,6.8,669.3,30.4
931,sorghum,25,50,50,6.8,669.3,31.3
932,sorghum,25,50,50,6.8,669.3,32.2
933,sorghum,25,50,50,6.8,669.3,33.1
934,sorghum,25,50,50,6.8,669.3,34.0
935,sorghum,25,50,50,6.8,669.3,34.9
936,sorghum,25,50,50,6.8,670.2,25.0
937,sorghum,25,50,50,6.8,670.2,25.9
938,sorghum,25,50,50,6.8,670.2,26.8
939,sorghum,25,50,50,6.8,670.2,27.7
940,sorghum,25,50,50,6.8,670.2,28.6
941,sorghum,25,50,50,6.8,670.2,29.5
942,sorghum,25,50,50,6.8,670.2,30.4
943,sorghum,25,50,50,6.8,670.2,31.3
944,sorghum,25,50,50,6.8,670.2,32.2
945,sorghum,25,50,50,6.8,670.2,33.1
946,sorghum,25,50,50,6.8,670.2,34.0
947,sorghum,25,50,50,6.8,670.2,34.9
948,sorghum,25,50,50,6.8,671.1,25.0
949,sorghum,25,50,50,6.8,671.1,25.9
950,sorghum,25,50,50,6.8,671.1,26.8
951,sorghum,25,50,50,6.8,671.1,27.7
952,sorghum,25,50,50,6.8,671.1,28.6
953,sorghum,25,50,50,6.8,671.1,29.5
954,sorghum,25,50,50,6.8,671.1,30.4
955,sorghum,25,50,50,6.8,671.1,31.3
956,sorghum,25,50,50,6.8,671.1,32.2
957,sorghum,25,50,50,6.8,671.1,33.1
958,sorghum,25,50,50,6.8,671.1,34.0
959,sorghum,25,50,50,6.8,671.1,34.9
960,sorghum,25,50,50,6.8,672.0,25.0
961,sorghum,25,50,50,6.8,672.0,25.9
962,sorghum,25,50,50,6.8,672.0,26.8
963,sorghum,25,50,50,6.8,672.0,27.7
964,sorghum,25,50,50,6.8,672.0,28.6
965,sorghum,25,50,50,6.8,672.0,29.5
966,sorghum,25,50,50,6.8,672.0,30.4
967,sorghum,25,50,50,6.8,672.0,31.3
968,sorghum,25,50,50,6.8,672.0,32.2
969,sorghum,25,50,50,6.8,672.0,33.1
970,sorghum,25,50,50,6.8,672.0,34.0
971,sorghum,25,50,50,6.8,672.0,34.9
972,sorghum,25,50,50,6.8,672.9,25.0
973,sorghum,25,50,50,6.8,672.9,25.9
974,sorghum,25,50,50,6.8,672.9,26.8
975,sorghum,25,50,50,6.8,672.9,27.7
976,sorghum,25,50,50,6.8,672.9,28.6
977,sorghum,25,50,50,6.8,672.9,29.5
978,sorghum,25,50,50,6.8,672.9,30.4
979,sorghum,25,50,50,6.8,672.9,31.3
980,sorghum,25,50,50,6.8,672.9,32.2
981,sorghum,25,50,50,6.8,672.9,33.1
982,sorghum,25,50,50,6.8,672.9,34.0
983,sorghum,25,50,50,6.8,672.9,34.9
984,sorghum,25,50,50,6.8,673.8,25.0
985,sorghum,25,50,50,6.8,673.8,25.9
986,sorghum,25,50,50,6.8,673.8,26.8
987,sorghum,25,50,50,6.8,673.8,27.7
988,sorghum,25,50,50,6.8,673.8,28.6
989,sorghum,25,50,50,6.8,673.8,29.5
990,sorghum,25,50,50,6.8,673.8,30.4
991,sorghum,25,50,50,6.8,673.8,31.3
992,sorghum,25,50,50,6.8,673.8,32.2
993,sorghum,25,50,50,6.8,673.8,33.1
994,sorghum,25,50,50,6.8,673.8,34.0
995,sorghum,25,50,50,6.8,673.8,34.9
996,sorghum,25,50,50,6.8,674.7,25.0
997,sorghum,25,50,50,6.8,674.7,25.9
998,sorghum,25,50,50,6.8,674.7,26.8
999,sorghum,25,50,50,6.8,674.7,27.7
1000,sorghum,25,50,50,6.8,674.7,28.6
1001,sorghum,25,50,50,6.8,674.7,29.5
1002,sorghum,25,50,50,6.8,674.7,30.4
1003,sorghum,25,50,50,6.8,674.7,31.3
1004,sorghum,25,50,50,6.8,674.7,32.2
1005,sorghum,25,50,50,6.8,674.7,33.1
1006,sorghum,25,50,50,6.8,674.7,34.0
1007,sorghum,25,50,50,6.8,674.7,34.9
1008,sorghum,25,50,50,6.8,675.6,25.0
1009,sorghum,25,50,50,6.8,675.6,25.9
1010,sorghum,25,50,50,6.8,675.6,26.8
1011,sorghum,25,50,50,6.8,675.6,27.7
1012,sorghum,25,50,50,6.8,675.6,28.6
1013,sorghum,25,50,50,6.8,675.6,29.5
1014,sorghum,25,50,50,6.8,675.6,30.4
1015,sorghum,25,50,50,6.8,675.6,31.3
1016,sorghum,25,50,50,6.8,675.6,32.2
1017,sorghum,25,50,50,6.8,675.6,33.1
1018,sorghum,25,50,50,6.8,675.6,34.0
1019,sorghum,25,50,50,6.8,675.6,34.9
1020,sorghum,25,50,50,6.8,676.5,25.0
1021,sorghum,25,50,50,6.8,676.5,25.9
1022,sorghum,25,50,50,6.8,676.5,26.8
1023,sorghum,25,50,50,6.8,676.5,27.7
1024,sorghum,25,50,50,6.8,676.5,28.6
1025,sorghum,25,50,50,6.8,676.5,29.5
1026,sorghum,25,50,50,6.8,676.5,30.4
1027,sorghum,25,50,50,6.8,676.5,31.3
1028,sorghum,25,50,50,6.8,676.5,32.2
1029,sorghum,25,50,50,6.8,676.5,33.1
1030,sorghum,25,50,50,6.8,676.5,34.0
1031,sorghum,25,50,50,6.8,676.5,34.9
1032,sorghum,25,50,50,6.8,677.4,25.0
1033,sorghum,25,50,50,6.8,677.4,25.9
1034,sorghum,25,50,50,6.8,677.4,26.8
1035,sorghum,25,50,50,6.8,677.4,27.7
1036,sorghum,25,50,50,6.8,677.4,28.6
1037,sorghum,25,50,50,6.8,677.4,29.5
1038,sorghum,25,50,50,6.8,677.4,30.4
1039,sorghum,25,50,50,6.8,677.4,31.3
1040,sorghum,25,50,50,6.8,677.4,32.2
1041,sorghum,25,50,50,6.8,677.4,33.1
1042,sorghum,25,50,50,6.8,677.4,34.0
1043,sorghum,25,50,50,6.8,677.4,34.9
1044,sorghum,25,50,50,6.8,678.3,25.0
1045,sorghum,25,50,50,6.8,678.3,25.9
1046,sorghum,25,50,50,6.8,678.3,26.8
1047,sorghum,25,50,50,6.8,678.3,27.7
1048,sorghum,25,50,50,6.8,678.3,28.6
1049,sorghum,25,50,50,6.8,678.3,29.5
1050,sorghum,25,50,50,6.8,678.3,30.4
1051,sorghum,25,50,50,6.8,678.3,31.3
1052,sorghum,25,50,50,6.8,678.3,32.2
1053,sorghum,25,50,50,6.8,678.3,33.1
1054,sorghum,25,50,50,6.8,678.3,34.0
1055,sorghum,25,50,50,6.8,678.3,34.9
1056,sorghum,25,50,50,6.8,679.2,25.0
1057,sorghum,25,50,50,6.8,679.2,25.9
1058,sorghum,25,50,50,6.8,679.2,26.8
1059,sorghum,25,50,50,6.8,679.2,27.7
1060,sorghum,25,50,50,6.8,679.2,28.6
1061,sorghum,25,50,50,6.8,679.2,29.5
1062,sorghum,25,50,50,6.8,679.2,30.4
1063,sorghum,25,50,50,6.8,679.2,31.3
1064,sorghum,25,50,50,6.8,679.2,32.2
1065,sorghum,25,50,50,6.8,679.2,33.1
1066,sorghum,25,50,50,6.8,679.2,34.0
1067,sorghum,25,50,50,6.8,679.2,34.9
1068,sorghum,25,50,50,6.8,680.1,25.0
1069,sorghum,25,50,50,6.8,680.1,25.9
1070,sorghum,25,50,50,6.8,680.1,26.8
1071,sorghum,25,50,50,6.8,680.1,27.7
1072,sorghum,25,50,50,6.8,680.1,28.6
1073,sorghum,25,50,50,6.8,680.1,29.5
1074,sorghum,25,50,50,6.8,680.1,30.4
1075,sorghum,25,50,50,6.8,680.1,31.3
1076,sorghum,25,50,50,6.8,680.1,32.2
1077,sorghum,25,50,50,6.8,680.1,33.1
1078,sorghum,25,50,50,6.8,680.1,34.0
1079,sorghum,25,50,50,6.8,680.1,34.9
1080,sorghum,25,50,50,6.8,681.0,25.0
1081,sorghum,25,50,50,6.8,681.0,25.9
1082,sorghum,25,50,50,6.8,681.0,26.8
1083,sorghum,25,50,50,6.8,681.0,27.7
1084,sorghum,25,50,50,6.8,681.0,28.6
1085,sorghum,25,50,50,6.8,681.0,29.5
1086,sorghum,25,50,50,6.8,681.0,30.4
1087,sorghum,25,50,50,6.8,681.0,31.3
1088,sorghum,25,50,50,6.8,681.0,32.2
1089,sorghum,25,50,50,6.8,681.0,33.1
1090,sorghum,25,50,50,6.8,681.0,34.0
1091,sorghum,25,50,50,6.8,681.0,34.9
1092,sorghum,25,50,50,6.8,681.9,25.0
1093,sorghum,25,50,50,6.8,681.9,25.9
1094,sorghum,25,50,50,6.8,681.9,26.8
1095,sorghum,25,50,50,6.8,681.9,27.7
1096,sorghum,25,50,50,6.8,681.9,28.6
1097,sorghum,25,50,50,6.8,681.9,29.5
1098,sorghum,25,50,50,6.8,681.9,30.4
1099,sorghum,25,50,50,6.8,681.9,31.3
1100,sorghum,25,50,50,6.8,681.9,32.2
1101,sorghum,25,50,50,6.8,681.9,33.1
1102,sorghum,25,50,50,6.8,681.9,34.0
1103,sorghum,25,50,50,6.8,681.9,34.9
1104,sorghum,25,50,50,6.8,682.8,25.0
1105,sorghum,25,50,50,6.8,682.8,25.9
1106,sorghum,25,50,50,6.8,682.8,26.8
1107,sorghum,25,50,50,6.8,682.8,27.7
1108,sorghum,25,50,50,6.8,682.8,28.6
1109,sorghum,25,50,50,6.8,682.8,29.5
1110,sorghum,25,50,50,6.8,682.8,30.4
1111,sorghum,25,50,50,6.8,682.8,31.3
1112,sorghum,25,50,50,6.8,682.8,32.2
1113,sorghum,25,50,50,6.8,682.8,33.1
1114,sorghum,25,50,50,6.8,682.8,34.0
1115,sorghum,25,50,50,6.8,682.8,34.9
1116,sorghum,25,50,50,6.8,683.7,25.0
1117,sorghum,25,50,50,6.8,683.7,25.9
1118,sorghum,25,50,50,6.8,683.7,26.8
1119,sorghum,25,50,50,6.8,683.7,27.7
1120,sorghum,25,50,50,6.8,683.7,28.6
1121,sorghum,25,50,50,6.8,683.7,29.5
1122,sorghum,25,50,50,6.8,683.7,30.4
1123,sorghum,25,50,50,6.8,683.7,31.3
1124,sorghum,25,50,50,6.8,683.7,32.2
1125,sorghum,25,50,50,6.8,683.7,33.1
1126,sorghum,25,50,50,6.8,683.7,34.0
1127,sorghum,25,50,50,6.8,683.7,34.9
1128,sorghum,25,50,50,6.8,684.6,25.0
1129,sorghum,25,50,50,6.8,684.6,25.9
1130,sorghum,25,50,50,6.8,684.6,26.8
1131,sorghum,25,50,50,6.8,684.6,27.7
1132,sorghum,25,50,50,6.8,684.6,28.6
1133,sorghum,25,50,50,6.8,684.6,29.5
1134,sorghum,25,50,50,6.8,684.6,30.4
1135,sorghum,25,50,50,6.8,684.6,31.3
1136,sorghum,25,50,50,6.8,684.6,32.2
1137,sorghum,25,50,50,6.8,684.6,33.1
1138,sorghum,25,50,50,6.8,684.6,34.0
1139,sorghum,25,50,50,6.8,684.6,34.9
1140,sorghum,25,50,50,6.8,685.5,25.0
1141,sorghum,25,50,50,6.8,685.5,25.9
1142,sorghum,25,50,50,6.8,685.5,26.8
1143,sorghum,25,50,50,6.8,685.5,27.7
1144,sorghum,25,50,50,6.8,685.5,28.6
1145,sorghum,25,50,50,6.8,685.5,29.5
1146,sorghum,25,50,50,6.8,685.5,30.4
1147,sorghum,25,50,50,6.8,685.5,31.3
1148,sorghum,25,50,50,6.8,685.5,32.2
1149,sorghum,25,50,50,6.8,685.5,33.1
1150,sorghum,25,50,50,6.8,685.5,34.0
1151,sorghum,25,50,50,6.8,685.5,34.9
1152,sorghum,25,50,50,6.8,686.4,25.0
1153,sorghum,25,50,50,6.8,686.4,25.9
1154,sorghum,25,50,50,6.8,686.4,26.8
1155,sorghum,25,50,50,6.8,686.4,27.7
1156,sorghum,25,50,50,6.8,686.4,28.6
1157,sorghum,25,50,50,6.8,686.4,29.5
1158,sorghum,25,50,50,6.8,686.4,30.4
1159,sorghum,25,50,50,6.8,686.4,31.3
1160,sorghum,25,50,50,6.8,686.4,32.2
1161,sorghum,25,50,50,6.8,686.4,33.1
1162,sorghum,25,50,50,6.8,686.4,34.0
1163,sorghum,25,50,50,6.8,686.4,34.9
1164,sorghum,25,50,50,6.8,687.3,25.0
1165,sorghum,25,50,50,6.8,687.3,25.9
1166,sorghum,25,50,50,6.8,687.3,26.8
1167,sorghum,25,50,50,6.8,687.3,27.7
1168,sorghum,25,50,50,6.8,687.3,28.6
1169,sorghum,25,50,50,6.8,687.3,29.5
1170,sorghum,25,50,50,6.8,687.3,30.4
1171,sorghum,25,50,50,6.8,687.3,31.3
1172,sorghum,25,50,50,6.8,687.3,32.2
1173,sorghum,25,50,50,6.8,687.3,33.1
1174,sorghum,25,50,50,6.8,687.3,34.0
1175,sorghum,25,50,50,6.8,687.3,34.9
1176,sorghum,25,50,50,6.8,688.2,25.0
1177,sorghum,25,50,50,6.8,688.2,25.9
1178,sorghum,25,50,50,6.8,688.2,26.8
1179,sorghum,25,50,50,6.8,688.2,27.7
1180,sorghum,25,50,50,6.8,688.2,28.6
1181,sorghum,25,50,50,6.8,688.2,29.5
1182,sorghum,25,50,50,6.8,688.2,30.4
1183,sorghum,25,50,50,6.8,688.2,31.3
1184,sorghum,25,50,50,6.8,688.2,32.2
1185,sorghum,25,50,50,6.8,688.2,33.1
1186,sorghum,25,50,50,6.8,688.2,34.0
1187,sorghum,25,50,50,6.8,688.2,34.9
1188,sorghum,25,50,50,6.8,689.1,25.0
1189,sorghum,25,50,50,6.8,689.1,25.9
1190,sorghum,25,50,50,6.8,689.1,26.8
1191,sorghum,25,50,50,6.8,689.1,27.7
1192,sorghum,25,50,50,6.8,689.1,28.6
1193,sorghum,25,50,50,6.8,689.1,29.5
1194,sorghum,25,50,50,6.8,689.1,30.4
1195,sorghum,25,50,50,6.8,689.1,31.3
1196,sorghum,25,50,50,6.8,689.1,32.2
1197,sorghum,25,50,50,6.8,689.1,33.1
1198,sorghum,25,50,50,6.8,689.1,34.0
1199,sorghum,25,50,50,6.8,689.1,34.9
1200,sorghum,25,50,50,6.8,690.0,25.0
1201,sorghum,25,50,50,6.8,690.0,25.9
1202,sorghum,25,50,50,6.8,690.0,26.8
1203,sorghum,25,50,50,6.8,690.0,27.7
1204,sorghum,25,50,50,6.8,690.0,28.6
1205,sorghum,25,50,50,6.8,690.0,29.5
1206,sorghum,25,50,50,6.8,690.0,30.4
1207,sorghum,25,50,50,6.8,690.0,31.3
1208,sorghum,25,50,50,6.8,690.0,32.2
1209,sorghum,25,50,50,6.8,690.0,33.1
1210,sorghum,25,50,50,6.8,690.0,34.0
1211,sorghum,25,50,50,6.8,690.0,34.9
1212,sorghum,25,50,50,6.8,690.9,25.0
1213,sorghum,25,50,50,6.8,690.9,25.9
1214,sorghum,25,50,50,6.8,690.9,26.8
1215,sorghum,25,50,50,6.8,690.9,27.7
1216,sorghum,25,50,50,6.8,690.9,28.6
1217,sorghum,25,50,50,6.8,690.9,29.5
1218,sorghum,25,50,50,6.8,690.9,30.4
1219,sorghum,25,50,50,6.8,690.9,31.3
1220,sorghum,25,50,50,6.8,690.9,32.2
1221,sorghum,25,50,50,6.8,690.9,33.1
1222,sorghum,25,50,50,6.8,690.9,34.0
1223,sorghum,25,50,50,6.8,690.9,34.9
1224,sorghum,25,50,50,6.8,691.8,25.0
1225,sorghum,25,50,50,6.8,691.8,25.9
1226,sorghum,25,50,50,6.8,691.8,26.8
1227,sorghum,25,50,50,6.8,691.8,27.7
1228,sorghum,25,50,50,6.8,691.8,28.6
1229,sorghum,25,50,50,6.8,691.8,29.5
1230,sorghum,25,50,50,6.8,691.8,30.4
1231,sorghum,25,50,50,6.8,691.8,31.3
1232,sorghum,25,50,50,6.8,691.8,32.2
1233,sorghum,25,50,50,6.8,691.8,33.1
1234,sorghum,25,50,50,6.8,691.8,34.0
1235,sorghum,25,50,50,6.8,691.8,34.9
1236,sorghum,25,50,50,6.8,692.7,25.0
1237,sorghum,25,50,50,6.8,692.7,25.9
1238,sorghum,25,50,50,6.8,692.7,26.8
1239,sorghum,25,50,50,6.8,692.7,27.7
1240,sorghum,25,50,50,6.8,692.7,28.6
1241,sorghum,25,50,50,6.8,692.7,29.5
1242,sorghum,25,50,50,6.8,692.7,30.4
1243,sorghum,25,50,50,6.8,692.7,31.3
1244,sorghum,25,50,50,6.8,692.7,32.2
1245,sorghum,25,50,50,6.8,692.7,33.1
1246,sorghum,25,50,50,6.8,692.7,34.0
1247,sorghum,25,50,50,6.8,692.7,34.9
1248,sorghum,25,50,50,6.8,693.6,25.0
1249,sorghum,25,50,50,6.8,693.6,25.9
1250,sorghum,25,50,50,6.8,693.6,26.8
1251,sorghum,25,50,50,6.8,693.6,27.7
1252,sorghum,25,50,50,6.8,693.6,28.6
1253,sorghum,25,50,50,6.8,693.6,29.5
1254,sorghum,25,50,50,6.8,693.6,30.4
1255,sorghum,25,50,50,6.8,693.6,31.3
1256,sorghum,25,50,50,6.8,693.6,32.2
1257,sorghum,25,50,50,6.8,693.6,33.1
1258,sorghum,25,50,50,6.8,693.6,34.0
1259,sorghum,25,50,50,6.8,693.6,34.9
1260,sorghum,25,50,50,6.8,694.5,25.0
1261,sorghum,25,50,50,6.8,694.5,25.9
1262,sorghum,25,50,50,6.8,694.5,26.8
1263,sorghum,25,50,50,6.8,694.5,27.7
1264,sorghum,25,50,50,6.8,694.5,28.6
1265,sorghum,25,50,50,6.8,694.5,29.5
1266,sorghum,25,50,50,6.8,694.5,30.4
1267,sorghum,25,50,50,6.8,694.5,31.3
1268,sorghum,25,50,50,6.8,694.5,32.2
1269,sorghum,25,50,50,6.8,694.5,33.1
1270,sorghum,25,50,50,6.8,694.5,34.0
1271,sorghum,25,50,50,6.8,694.5,34.9
1272,sorghum,25,50,50,6.8,695.4,25.0
1273,sorghum,25,50,50,6.8,695.4,25.9
1274,sorghum,25,50,50,6.8,695.4,26.8
1275,sorghum,25,50,50,6.8,695.4,27.7
1276,sorghum,25,50,50,6.8,695.4,28.6
1277,sorghum,25,50,50,6.8,695.4,29.5
1278,sorghum,25,50,50,6.8,695.4,30.4
1279,sorghum,25,50,50,6.8,695.4,31.3
1280,sorghum,25,50,50,6.8,695.4,32.2
1281,sorghum,25,50,50,6.8,695.4,33.1
1282,sorghum,25,50,50,6.8,695.4,34.0
1283,sorghum,25,50,50,6.8,695.4,34.9
1284,sorghum,25,50,50,6.8,696.3,25.0
1285,sorghum,25,50,50,6.8,696.3,25.9
1286,sorghum,25,50,50,6.8,696.3,26.8
1287,sorghum,25,50,50,6.8,696.3,27.7
1288,sorghum,25,50,50,6.8,696.3,28.6
1289,sorghum,25,50,50,6.8,696.3,29.5
1290,sorghum,25,50,50,6.8,696.3,30.4
1291,sorghum,25,50,50,6.8,696.3,31.3
1292,sorghum,25,50,50,6.8,696.3,32.2
1293,sorghum,25,50,50,6.8,696.3,33.1
1294,sorghum,25,50,50,6.8,696.3,34.0
1295,sorghum,25,50,50,6.8,696.3,34.9
1296,sorghum,25,50,50,6.8,697.2,25.0
1297,sorghum,25,50,50,6.8,697.2,25.9
1298,sorghum,25,50,50,6.8,697.2,26.8
1299,sorghum,25,50,50,6.8,697.2,27.7
1300,sorghum,25,50,50,6.8,697.2,28.6
1301,sorghum,25,50,50,6.8,697.2,29.5
1302,sorghum,25,50,50,6.8,697.2,30.4
1303,sorghum,25,50,50,6.8,697.2,31.3
1304,sorghum,25,50,50,6.8,697.2,32.2
1305,sorghum,25,50,50,6.8,697.2,33.1
1306,sorghum,25,50,50,6.8,697.2,34.0
1307,sorghum,25,50,50,6.8,697.2,34.9
1308,sorghum,25,50,50,6.8,698.1,25.0
1309,sorghum,25,50,50,6.8,698.1,25.9
1310,sorghum,25,50,50,6.8,698.1,26.8
1311,sorghum,25,50,50,6.8,698.1,27.7
1312,sorghum,25,50,50,6.8,698.1,28.6
1313,sorghum,25,50,50,6.8,698.1,29.5
1314,sorghum,25,50,50,6.8,698.1,30.4
1315,sorghum,25,50,50,6.8,698.1,31.3
1316,sorghum,25,50,50,6.8,698.1,32.2
1317,sorghum,25,50,50,6.8,698.1,33.1
1318,sorghum,25,50,50,6.8,698.1,34.0
1319,sorghum,25,50,50,6.8,698.1,34.9
1320,sorghum,25,50,50,6.8,699.0,25.0
1321,sorghum,25,50,50,6.8,699.0,25.9
1322,sorghum,25,50,50,6.8,699.0,26.8
1323,sorghum,25,50,50,6.8,699.0,27.7
1324,sorghum,25,50,50,6.8,699.0,28.6
1325,sorghum,25,50,50,6.8,699.0,29.5
1326,sorghum,25,50,50,6.8,699.0,30.4
1327,sorghum,25,50,50,6.8,699.0,31.3
1328,sorghum,25,50,50,6.8,699.0,32.2
1329,sorghum,25,50,50,6.8,699.0,33.1
1330,sorghum,25,50,50,6.8,699.0,34.0
1331,sorghum,25,50,50,6.8,699.0,34.9
1332,sorghum,25,50,50,6.8,699.9,25.0
1333,sorghum,25,50,50,6.8,699.9,25.9
1334,sorghum,25,50,50,6.8,699.9,26.8
1335,sorghum,25,50,50,6.8,699.9,27.7
1336,sorghum,25,50,50,6.8,699.9,28.6
1337,sorghum,25,50,50,6.8,699.9,29.5
1338,sorghum,25,50,50,6.8,699.9,30.4
1339,sorghum,25,50,50,6.8,699.9,31.3
1340,sorghum,25,50,50,6.8,699.9,32.2
1341,sorghum,25,50,50,6.8,699.9,33.1
1342,sorghum,25,50,50,6.8,699.9,34.0
1343,sorghum,25,50,50,6.8,699.9,34.9
1344,sorghum,25,50,50,6.8,700.8,25.0
1345,sorghum,25,50,50,6.8,700.8,25.9
1346,sorghum,25,50,50,6.8,700.8,26.8
1347,sorghum,25,50,50,6.8,700.8,27.7
1348,sorghum,25,50,50,6.8,700.8,28.6
1349,sorghum,25,50,50,6.8,700.8,29.5
1350,sorghum,25,50,50,6.8,700.8,30.4
1351,sorghum,25,50,50,6.8,700.8,31.3
1352,sorghum,25,50,50,6.8,700.8,32.2
1353,sorghum,25,50,50,6.8,700.8,33.1
1354,sorghum,25,50,50,6.8,700.8,34.0
1355,sorghum,25,50,50,6.8,700.8,34.9
1356,sorghum,25,50,50,6.8,701.7,25.0
1357,sorghum,25,50,50,6.8,701.7,25.9
1358,sorghum,25,50,50,6.8,701.7,26.8
1359,sorghum,25,50,50,6.8,701.7,27.7
1360,sorghum,25,50,50,6.8,701.7,28.6
1361,sorghum,25,50,50,6.8,701.7,29.5
1362,sorghum,25,50,50,6.8,701.7,30.4
1363,sorghum,25,50,50,6.8,701.7,31.3
1364,sorghum,25,50,50,6.8,701.7,32.2
1365,sorghum,25,50,50,6.8,701.7,33.1
1366,sorghum,25,50,50,6.8,701.7,34.0
1367,sorghum,25,50,50,6.8,701.7,34.9
1368,sorghum,25,50,50,6.8,702.6,25.0
1369,sorghum,25,50,50,6.8,702.6,25.9
1370,sorghum,25,50,50,6.8,702.6,26.8
1371,sorghum,25,50,50,6.8,702.6,27.7
1372,sorghum,25,50,50,6.8,702.6,28.6
1373,sorghum,25,50,50,6.8,702.6,29.5
1374,sorghum,25,50,50,6.8,702.6,30.4
1375,sorghum,25,50,50,6.8,702.6,31.3
1376,sorghum,25,50,50,6.8,702.6,32.2
1377,sorghum,25,50,50,6.8,702.6,33.1
1378,sorghum,25,50,50,6.8,702.6,34.0
1379,sorghum,25,50,50,6.8,702.6,34.9
1380,sorghum,25,50,50,6.8,703.5,25.0
1381,sorghum,25,50,50,6.8,703.5,25.9
1382,sorghum,25,50,50,6.8,703.5,26.8
1383,sorghum,25,50,50,6.8,703.5,27.7
1384,sorghum,25,50,50,6.8,703.5,28.6
1385,sorghum,25,50,50,6.8,703.5,29.5
1386,sorghum,25,50,50,6.8,703.5,30.4
1387,sorghum,25,50,50,6.8,703.5,31.3
1388,sorghum,25,50,50,6.8,703.5,32.2
1389,sorghum,25,50,50,6.8,703.5,33.1
1390,sorghum,25,50,50,6.8,703.5,34.0
1391,sorghum,25,50,50,6.8,703.5,34.9
1392,sorghum,25,50,50,6.8,704.4,25.0
1393,sorghum,25,50,50,6.8,704.4,25.9
1394,sorghum,25,50,50,6.8,704.4,26.8
1395,sorghum,25,50,50,6.8,704.4,27.7
1396,sorghum,25,50,50,6.8,704.4,28.6
1397,sorghum,25,50,50,6.8,704.4,29.5
1398,sorghum,25,50,50,6.8,704.4,30.4
1399,sorghum,25,50,50,6.8,704.4,31.3
1400,sorghum,25,50,50,6.8,704.4,32.2
1401,sorghum,25,50,50,6.8,704.4,33.1
1402,sorghum,25,50,50,6.8,704.4,34.0
1403,sorghum,25,50,50,6.8,704.4,34.9
1404,sorghum,25,50,50,6.8,705.3,25.0
1405,sorghum,25,50,50,6.8,705.3,25.9
1406,sorghum,25,50,50,6.8,705.3,26.8
1407,sorghum,25,50,50,6.8,705.3,27.7
1408,sorghum,25,50,50,6.8,705.3,28.6
1409,sorghum,25,50,50,6.8,705.3,29.5
1410,sorghum,25,50,50,6.8,705.3,30.4
1411,sorghum,25,50,50,6.8,705.3,31.3
1412,sorghum,25,50,50,6.8,705.3,32.2
1413,sorghum,25,50,50,6.8,705.3,33.1
1414,sorghum,25,50,50,6.8,705.3,34.0
1415,sorghum,25,50,50,6.8,705.3,34.9
1416,sorghum,25,50,50,6.8,706.2,25.0
1417,sorghum,25,50,50,6.8,706.2,25.9
1418,sorghum,25,50,50,6.8,706.2,26.8
1419,sorghum,25,50,50,6.8,706.2,27.7
1420,sorghum,25,50,50,6.8,706.2,28.6
1421,sorghum,25,50,50,6.8,706.2,29.5
1422,sorghum,25,50,50,6.8,706.2,30.4
1423,sorghum,25,50,50,6.8,706.2,31.3
1424,sorghum,25,50,50,6.8,706.2,32.2
1425,sorghum,25,50,50,6.8,706.2,33.1
1426,sorghum,25,50,50,6.8,706.2,34.0
1427,sorghum,25,50,50,6.8,706.2,34.9
1428,sorghum,25,50,50,6.8,707.1,25.0
1429,sorghum,25,50,50,6.8,707.1,25.9
1430,sorghum,25,50,50,6.8,707.1,26.8
1431,sorghum,25,50,50,6.8,707.1,27.7
1432,sorghum,25,50,50,6.8,707.1,28.6
1433,sorghum,25,50,50,6.8,707.1,29.5
1434,sorghum,25,50,50,6.8,707.1,30.4
1435,sorghum,25,50,50,6.8,707.1,31.3
1436,sorghum,25,50,50,6.8,707.1,32.2
1437,sorghum,25,50,50,6.8,707.1,33.1
1438,sorghum,25,50,50,6.8,707.1,34.0
1439,sorghum,25,50,50,6.8,707.1,34.9
1440,sorghum,25,50,50,6.8,708.0,25.0
1441,sorghum,25,50,50,6.8,708.0,25.9
1442,sorghum,25,50,50,6.8,708.0,26.8
1443,sorghum,25,50,50,6.8,708.0,27.7
1444,sorghum,25,50,50,6.8,708.0,28.6
1445,sorghum,25,50,50,6.8,708.0,29.5
1446,sorghum,25,50,50,6.8,708.0,30.4
1447,sorghum,25,50,50,6.8,708.0,31.3
1448,sorghum,25,50,50,6.8,708.0,32.2
1449,sorghum,25,50,50,6.8,708.0,33.1
1450,sorghum,25,50,50,6.8,708.0,34.0
1451,sorghum,25,50,50,6.8,708.0,34.9
1452,sorghum,25,50,50,6.8,708.9,25.0
1453,sorghum,25,50,50,6.8,708.9,25.9
1454,sorghum,25,50,50,6.8,708.9,26.8
1455,sorghum,25,50,50,6.8,708.9,27.7
1456,sorghum,25,50,50,6.8,708.9,28.6
1457,sorghum,25,50,50,6.8,708.9,29.5
1458,sorghum,25,50,50,6.8,708.9,30.4
1459,sorghum,25,50,50,6.8,708.9,31.3
1460,sorghum,25,50,50,6.8,708.9,32.2
1461,sorghum,25,50,50,6.8,708.9,33.1
1462,sorghum,25,50,50,6.8,708.9,34.0
1463,sorghum,25,50,50,6.8,708.9,34.9
1464,sorghum,25,50,50,6.8,709.8,25.0
1465,sorghum,25,50,50,6.8,709.8,25.9
1466,sorghum,25,50,50,6.8,709.8,26.8
1467,sorghum,25,50,50,6.8,709.8,27.7
1468,sorghum,25,50,50,6.8,709.8,28.6
1469,sorghum,25,50,50,6.8,709.8,29.5
1470,sorghum,25,50,50,6.8,709.8,30.4
1471,sorghum,25,50,50,6.8,709.8,31.3
1472,sorghum,25,50,50,6.8,709.8,32.2
1473,sorghum,25,50,50,6.8,709.8,33.1
1474,sorghum,25,50,50,6.8,709.8,34.0
1475,sorghum,25,50,50,6.8,709.8,34.9
1476,sorghum,25,50,50,6.8,710.7,25.0
1477,sorghum,25,50,50,6.8,710.7,25.9
1478,sorghum,25,50,50,6.8,710.7,26.8
1479,sorghum,25,50,50,6.8,710.7,27.7
1480,sorghum,25,50,50,6.8,710.7,28.6
1481,sorghum,25,50,50,6.8,710.7,29.5
1482,sorghum,25,50,50,6.8,710.7,30.4
1483,sorghum,25,50,50,6.8,710.7,31.3
1484,sorghum,25,50,50,6.8,710.7,32.2
1485,sorghum,25,50,50,6.8,710.7,33.1
1486,sorghum,25,50,50,6.8,710.7,34.0
1487,sorghum,25,50,50,6.8,710.7,34.9
1488,sorghum,25,50,50,6.8,711.6,25.0
1489,sorghum,25,50,50,6.8,711.6,25.9
1490,sorghum,25,50,50,6.8,711.6,26.8
1491,sorghum,25,50,50,6.8,711.6,27.7
1492,sorghum,25,50,50,6.8,711.6,28.6
1493,sorghum,25,50,50,6.8,711.6,29.5
1494,sorghum,25,50,50,6.8,711.6,30.4
1495,sorghum,25,50,50,6.8,711.6,31.3
1496,sorghum,25,50,50,6.8,711.6,32.2
1497,sorghum,25,50,50,6.8,711.6,33.1
1498,sorghum,25,50,50,6.8,711.6,34.0
1499,sorghum,25,50,50,6.8,711.6,34.9
1500,sorghum,25,50,50,6.8,712.5,25.0
1501,sorghum,25,50,50,6.8,712.5,25.9
1502,sorghum,25,50,50,6.8,712.5,26.8
1503,sorghum,25,50,50,6.8,712.5,27.7
1504,sorghum,25,50,50,6.8,712.5,28.6
1505,sorghum,25,50,50,6.8,712.5,29.5
1506,sorghum,25,50,50,6.8,712.5,30.4
1507,sorghum,25,50,50,6.8,712.5,31.3
1508,sorghum,25,50,50,6.8,712.5,32.2
1509,sorghum,25,50,50,6.8,712.5,33.1
1510,sorghum,25,50,50,6.8,712.5,34.0
1511,sorghum,25,50,50,6.8,712.5,34.9
1512,sorghum,25,50,50,6.8,713.4,25.0
1513,sorghum,25,50,50,6.8,713.4,25.9
1514,sorghum,25,50,50,6.8,713.4,26.8
1515,sorghum,25,50,50,6.8,713.4,27.7
1516,sorghum,25,50,50,6.8,713.4,28.6
1517,sorghum,25,50,50,6.8,713.4,29.5
1518,sorghum,25,50,50,6.8,713.4,30.4
1519,sorghum,25,50,50,6.8,713.4,31.3
1520,sorghum,25,50,50,6.8,713.4,32.2
1521,sorghum,25,50,50,6.8,713.4,33.1
1522,sorghum,25,50,50,6.8,713.4,34.0
1523,sorghum,25,50,50,6.8,713.4,34.9
1524,sorghum,25,50,50,6.8,714.3,25.0
1525,sorghum,25,50,50,6.8,714.3,25.9
1526,sorghum,25,50,50,6.8,714.3,26.8
1527,sorghum,25,50,50,6.8,714.3,27.7
1528,sorghum,25,50,50,6.8,714.3,28.6
1529,sorghum,25,50,50,6.8,714.3,29.5
1530,sorghum,25,50,50,6.8,714.3,30.4
1531,sorghum,25,50,50,6.8,714.3,31.3
1532,sorghum,25,50,50,6.8,714.3,32.2
1533,sorghum,25,50,50,6.8,714.3,33.1
1534,sorghum,25,50,50,6.8,714.3,34.0
1535,sorghum,25,50,50,6.8,714.3,34.9
1536,sorghum,25,50,50,6.8,715.2,25.0
1537,sorghum,25,50,50,6.8,715.2,25.9
1538,sorghum,25,50,50,6.8,715.2,26.8
1539,sorghum,25,50,50,6.8,715.2,27.7
1540,sorghum,25,50,50,6.8,715.2,28.6
1541,sorghum,25,50,50,6.8,715.2,29.5
1542,sorghum,25,50,50,6.8,715.2,30.4
1543,sorghum,25,50,50,6.8,715.2,31.3
1544,sorghum,25,50,50,6.8,715.2,32.2
1545,sorghum,25,50,50,6.8,715.2,33.1
1546,sorghum,25,50,50,6.8,715.2,34.0
1547,sorghum,25,50,50,6.8,715.2,34.9
1548,sorghum,25,50,50,6.8,716.1,25.0
1549,sorghum,25,50,50,6.8,716.1,25.9
1550,sorghum,25,50,50,6.8,716.1,26.8
1551,sorghum,25,50,50,6.8,716.1,27.7
1552,sorghum,25,50,50,6.8,716.1,28.6
1553,sorghum,25,50,50,6.8,716.1,29.5
1554,sorghum,25,50,50,6.8,716.1,30.4
1555,sorghum,25,50,50,6.8,716.1,31.3
1556,sorghum,25,50,50,6.8,716.1,32.2
1557,sorghum,25,50,50,6.8,716.1,33.1
1558,sorghum,25,50,50,6.8,716.1,34.0
1559,sorghum,25,50,50,6.8,716.1,34.9
1560,sorghum,25,50,50,6.8,717.0,25.0
1561,sorghum,25,50,50,6.8,717.0,25.9
1562,sorghum,25,50,50,6.8,717.0,26.8
1563,sorghum,25,50,50,6.8,717.0,27.7
1564,sorghum,25,50,50,6.8,717.0,28.6
1565,sorghum,25,50,50,6.8,717.0,29.5
1566,sorghum,25,50,50,6.8,717.0,30.4
1567,sorghum,25,50,50,6.8,717.0,31.3
1568,sorghum,25,50,50,6.8,717.0,32.2
1569,sorghum,25,50,50,6.8,717.0,33.1
1570,sorghum,25,50,50,6.8,717.0,34.0
1571,sorghum,25,50,50,6.8,717.0,34.9
1572,sorghum,25,50,50,6.8,717.9,25.0
1573,sorghum,25,50,50,6.8,717.9,25.9
1574,sorghum,25,50,50,6.8,717.9,26.8
1575,sorghum,25,50,50,6.8,717.9,27.7
1576,sorghum,25,50,50,6.8,717.9,28.6
1577,sorghum,25,50,50,6.8,717.9,29.5
1578,sorghum,25,50,50,6.8,717.9,30.4
1579,sorghum,25,50,50,6.8,717.9,31.3
1580,sorghum,25,50,50,6.8,717.9,32.2
1581,sorghum,25,50,50,6.8,717.9,33.1
1582,sorghum,25,50,50,6.8,717.9,34.0
1583,sorghum,25,50,50,6.8,717.9,34.9
1584,sorghum,25,50,50,6.8,718.8,25.0
1585,sorghum,25,50,50,6.8,718.8,25.9
1586,sorghum,25,50,50,6.8,718.8,26.8
1587,sorghum,25,50,50,6.8,718.8,27.7
1588,sorghum,25,50,50,6.8,718.8,28.6
1589,sorghum,25,50,50,6.8,718.8,29.5
1590,sorghum,25,50,50,6.8,718.8,30.4
1591,sorghum,25,50,50,6.8,718.8,31.3
1592,sorghum,25,50,50,6.8,718.8,32.2
1593,sorghum,25,50,50,6.8,718.8,33.1
1594,sorghum,25,50,50,6.8,718.8,34.0
1595,sorghum,25,50,50,6.8,718.8,34.9
1596,sorghum,25,50,50,6.8,719.7,25.0
1597,sorghum,25,50,50,6.8,719.7,25.9
1598,sorghum,25,50,50,6.8,719.7,26.8
1599,sorghum,25,50,50,6.8,719.7,27.7
1600,sorghum,25,50,50,6.8,719.7,28.6
1601,sorghum,25,50,50,6.8,719.7,29.5
1602,sorghum,25,50,50,6.8,719.7,30.4
1603,sorghum,25,50,50,6.8,719.7,31.3
1604,sorghum,25,50,50,6.8,719.7,32.2
1605,sorghum,25,50,50,6.8,719.7,33.1
1606,sorghum,25,50,50,6.8,719.7,34.0
1607,sorghum,25,50,50,6.8,719.7,34.9
1608,sorghum,25,50,50,6.8,720.6,25.0
1609,sorghum,25,50,50,6.8,720.6,25.9
1610,sorghum,25,50,50,6.8,720.6,26.8
1611,sorghum,25,50,50,6.8,720.6,27.7
1612,sorghum,25,50,50,6.8,720.6,28.6
1613,sorghum,25,50,50,6.8,720.6,29.5
1614,sorghum,25,50,50,6.8,720.6,30.4
1615,sorghum,25,50,50,6.8,720.6,31.3
1616,sorghum,25,50,50,6.8,720.6,32.2
1617,sorghum,25,50,50,6.8,720.6,33.1
1618,sorghum,25,50,50,6.8,720.6,34.0
1619,sorghum,25,50,50,6.8,720.6,34.9
1620,sorghum,25,50,50,6.8,721.5,25.0
1621,sorghum,25,50,50,6.8,721.5,25.9
1622,sorghum,25,50,50,6.8,721.5,26.8
1623,sorghum,25,50,50,6.8,721.5,27.7
1624,sorghum,25,50,50,6.8,721.5,28.6
1625,sorghum,25,50,50,6.8,721.5,29.5
1626,sorghum,25,50,50,6.8,721.5,30.4
1627,sorghum,25,50,50,6.8,721.5,31.3
1628,sorghum,25,50,50,6.8,721.5,32.2
1629,sorghum,25,50,50,6.8,721.5,33.1
1630,sorghum,25,50,50,6.8,721.5,34.0
1631,sorghum,25,50,50,6.8,721.5,34.9
1632,sorghum,25,50,50,6.8,722.4,25.0
1633,sorghum,25,50,50,6.8,722.4,25.9
1634,sorghum,25,50,50,6.8,722.4,26.8
1635,sorghum,25,50,50,6.8,722.4,27.7
1636,sorghum,25,50,50,6.8,722.4,28.6
1637,sorghum,25,50,50,6.8,722.4,29.5
1638,sorghum,25,50,50,6.8,722.4,30.4
1639,sorghum,25,50,50,6.8,722.4,31.3
1640,sorghum,25,50,50,6.8,722.4,32.2
1641,sorghum,25,50,50,6.8,722.4,33.1
1642,sorghum,25,50,50,6.8,722.4,34.0
1643,sorghum,25,50,50,6.8,722.4,34.9
1644,sorghum,25,50,50,6.8,723.3,25.0
1645,sorghum,25,50,50,6.8,723.3,25.9
1646,sorghum,25,50,50,6.8,723.3,26.8
1647,sorghum,25,50,50,6.8,723.3,27.7
1648,sorghum,25,50,50,6.8,723.3,28.6
1649,sorghum,25,50,50,6.8,723.3,29.5
1650,sorghum,25,50,50,6.8,723.3,30.4
1651,sorghum,25,50,50,6.8,723.3,31.3
1652,sorghum,25,50,50,6.8,723.3,32.2
1653,sorghum,25,50,50,6.8,723.3,33.1
1654,sorghum,25,50,50,6.8,723.3,34.0
1655,sorghum,25,50,50,6.8,723.3,34.9
1656,sorghum,25,50,50,6.8,724.2,25.0
1657,sorghum,25,50,50,6.8,724.2,25.9
1658,sorghum,25,50,50,6.8,724.2,26.8
1659,sorghum,25,50,50,6.8,724.2,27.7
1660,sorghum,25,50,50,6.8,724.2,28.6
1661,sorghum,25,50,50,6.8,724.2,29.5
1662,sorghum,25,50,50,6.8,724.2,30.4
1663,sorghum,25,50,50,6.8,724.2,31.3
1664,sorghum,25,50,50,6.8,724.2,32.2
1665,sorghum,25,50,50,6.8,724.2,33.1
1666,sorghum,25,50,50,6.8,724.2,34.0
1667,sorghum,25,50,50,6.8,724.2,34.9
1668,sorghum,25,50,50,6.8,725.1,25.0
1669,sorghum,25,50,50,6.8,725.1,25.9
1670,sorghum,25,50,50,6.8,725.1,26.8
1671,sorghum,25,50,50,6.8,725.1,27.7
1672,sorghum,25,50,50,6.8,725.1,28.6
1673,sorghum,25,50,50,6.8,725.1,29.5
1674,sorghum,25,50,50,6.8,725.1,30.4
1675,sorghum,25,50,50,6.8,725.1,31.3
1676,sorghum,25,50,50,6.8,725.1,32.2
1677,sorghum,25,50,50,6.8,725.1,33.1
1678,sorghum,25,50,50,6.8,725.1,34.0
1679,sorghum,25,50,50,6.8,725.1,34.9
1680,sorghum,25,50,50,6.8,726.0,25.0
1681,sorghum,25,50,50,6.8,726.0,25.9
1682,sorghum,25,50,50,6.8,726.0,26.8
1683,sorghum,25,50,50,6.8,726.0,27.7
1684,sorghum,25,50,50,6.8,726.0,28.6
1685,sorghum,25,50,50,6.8,726.0,29.5
1686,sorghum,25,50,50,6.8,726.0,30.4
1687,sorghum,25,50,50,6.8,726.0,31.3
1688,sorghum,25,50,50,6.8,726.0,32.2
1689,sorghum,25,50,50,6.8,726.0,33.1
1690,sorghum,25,50,50,6.8,726.0,34.0
1691,sorghum,25,50,50,6.8,726.0,34.9
1692,sorghum,25,50,50,6.8,726.9,25.0
1693,sorghum,25,50,50,6.8,726.9,25.9
1694,sorghum,25,50,50,6.8,726.9,26.8
1695,sorghum,25,50,50,6.8,726.9,27.7
1696,sorghum,25,50,50,6.8,726.9,28.6
1697,sorghum,25,50,50,6.8,726.9,29.5
1698,sorghum,25,50,50,6.8,726.9,30.4
1699,sorghum,25,50,50,6.8,726.9,31.3
1700,sorghum,25,50,50,6.8,726.9,32.2
1701,sorghum,25,50,50,6.8,726.9,33.1
1702,sorghum,25,50,50,6.8,726.9,34.0
1703,sorghum,25,50,50,6.8,726.9,34.9
1704,sorghum,25,50,50,6.8,727.8,25.0
1705,sorghum,25,50,50,6.8,727.8,25.9
1706,sorghum,25,50,50,6.8,727.8,26.8
1707,sorghum,25,50,50,6.8,727.8,27.7
1708,sorghum,25,50,50,6.8,727.8,28.6
1709,sorghum,25,50,50,6.8,727.8,29.5
1710,sorghum,25,50,50,6.8,727.8,30.4
1711,sorghum,25,50,50,6.8,727.8,31.3
1712,sorghum,25,50,50,6.8,727.8,32.2
1713,sorghum,25,50,50,6.8,727.8,33.1
1714,sorghum,25,50,50,6.8,727.8,34.0
1715,sorghum,25,50,50,6.8,727.8,34.9
1716,sorghum,25,50,50,6.8,728.7,25.0
1717,sorghum,25,50,50,6.8,728.7,25.9
1718,sorghum,25,50,50,6.8,728.7,26.8
1719,sorghum,25,50,50,6.8,728.7,27.7
1720,sorghum,25,50,50,6.8,728.7,28.6
1721,sorghum,25,50,50,6.8,728.7,29.5
1722,sorghum,25,50,50,6.8,728.7,30.4
1723,sorghum,25,50,50,6.8,728.7,31.3
1724,sorghum,25,50,50,6.8,728.7,32.2
1725,sorghum,25,50,50,6.8,728.7,33.1
1726,sorghum,25,50,50,6.8,728.7,34.0
1727,sorghum,25,50,50,6.8,728.7,34.9
1728,sorghum,25,50,50,6.8,729.6,25.0
1729,sorghum,25,50,50,6.8,729.6,25.9
1730,sorghum,25,50,50,6.8,729.6,26.8
1731,sorghum,25,50,50,6.8,729.6,27.7
1732,sorghum,25,50,50,6.8,729.6,28.6
1733,sorghum,25,50,50,6.8,729.6,29.5
1734,sorghum,25,50,50,6.8,729.6,30.4
1735,sorghum,25,50,50,6.8,729.6,31.3
1736,sorghum,25,50,50,6.8,729.6,32.2
1737,sorghum,25,50,50,6.8,729.6,33.1
1738,sorghum,25,50,50,6.8,729.6,34.0
1739,sorghum,25,50,50,6.8,729.6,34.9
1740,sorghum,25,50,50,6.8,730.5,25.0
1741,sorghum,25,50,50,6.8,730.5,25.9
1742,sorghum,25,50,50,6.8,730.5,26.8
1743,sorghum,25,50,50,6.8,730.5,27.7
1744,sorghum,25,50,50,6.8,730.5,28.6
1745,sorghum,25,50,50,6.8,730.5,29.5
1746,sorghum,25,50,50,6.8,730.5,30.4
1747,sorghum,25,50,50,6.8,730.5,31.3
1748,sorghum,25,50,50,6.8,730.5,32.2
1749,sorghum,25,50,50,6.8,730.5,33.1
1750,sorghum,25,50,50,6.8,730.5,34.0
1751,sorghum,25,50,50,6.8,730.5,34.9
1752,sorghum,25,50,50,6.8,731.4,25.0
1753,sorghum,25,50,50,6.8,731.4,25.9
1754,sorghum,25,50,50,6.8,731.4,26.8
1755,sorghum,25,50,50,6.8,731.4,27.7
1756,sorghum,25,50,50,6.8,731.4,28.6
1757,sorghum,25,50,50,6.8,731.4,29.5
1758,sorghum,25,50,50,6.8,731.4,30.4
1759,sorghum,25,50,50,6.8,731.4,31.3
1760,sorghum,25,50,50,6.8,731.4,32.2
1761,sorghum,25,50,50,6.8,731.4,33.1
1762,sorghum,25,50,50,6.8,731.4,34.0
1763,sorghum,25,50,50,6.8,731.4,34.9
1764,sorghum,25,50,50,6.8,732.3,25.0
1765,sorghum,25,50,50,6.8,732.3,25.9
1766,sorghum,25,50,50,6.8,732.3,26.8
1767,sorghum,25,50,50,6.8,732.3,27.7
1768,sorghum,25,50,50,6.8,732.3,28.6
1769,sorghum,25,50,50,6.8,732.3,29.5
1770,sorghum,25,50,50,6.8,732.3,30.4
1771,sorghum,25,50,50,6.8,732.3,31.3
1772,sorghum,25,50,50,6.8,732.3,32.2
1773,sorghum,25,50,50,6.8,732.3,33.1
1774,sorghum,25,50,50,6.8,732.3,34.0
1775,sorghum,25,50,50,6.8,732.3,34.9
1776,sorghum,25,50,50,6.8,733.2,25.0
1777,sorghum,25,50,50,6.8,733.2,25.9
1778,sorghum,25,50,50,6.8,733.2,26.8
1779,sorghum,25,50,50,6.8,733.2,27.7
1780,sorghum,25,50,50,6.8,733.2,28.6
1781,sorghum,25,50,50,6.8,733.2,29.5
1782,sorghum,25,50,50,6.8,733.2,30.4
1783,sorghum,25,50,50,6.8,733.2,31.3
1784,sorghum,25,50,50,6.8,733.2,32.2
1785,sorghum,25,50,50,6.8,733.2,33.1
1786,sorghum,25,50,50,6.8,733.2,34.0
1787,sorghum,25,50,50,6.8,733.2,34.9
1788,sorghum,25,50,50,6.8,734.1,25.0
1789,sorghum,25,50,50,6.8,734.1,25.9
1790,sorghum,25,50,50,6.8,734.1,26.8
1791,sorghum,25,50,50,6.8,734.1,27.7
1792,sorghum,25,50,50,6.8,734.1,28.6
1793,sorghum,25,50,50,6.8,734.1,29.5
1794,sorghum,25,50,50,6.8,734.1,30.4
1795,sorghum,25,50,50,6.8,734.1,31.3
1796,sorghum,25,50,50,6.8,734.1,32.2
1797,sorghum,25,50,50,6.8,734.1,33.1
1798,sorghum,25,50,50,6.8,734.1,34.0
1799,sorghum,25,50,50,6.8,734.1,34.9
1800,sorghum,25,50,50,6.8,735.0,25.0
1801,sorghum,25,50,50,6.8,735.0,25.9
1802,sorghum,25,50,50,6.8,735.0,26.8
1803,sorghum,25,50,50,6.8,735.0,27.7
1804,sorghum,25,50,50,6.8,735.0,28.6
1805,sorghum,25,50,50,6.8,735.0,29.5
1806,sorghum,25,50,50,6.8,735.0,30.4
1807,sorghum,25,50,50,6.8,735.0,31.3
1808,sorghum,25,50,50,6.8,735.0,32.2
1809,sorghum,25,50,50,6.8,735.0,33.1
1810,sorghum,25,50,50,6.8,735.0,34.0
1811,sorghum,25,50,50,6.8,735.0,34.9
1812,sorghum,25,50,50,6.8,735.9,25.0
1813,sorghum,25,50,50,6.8,735.9,25.9
1814,sorghum,25,50,50,6.8,735.9,26.8
1815,sorghum,25,50,50,6.8,735.9,27.7
1816,sorghum,25,50,50,6.8,735.9,28.6
1817,sorghum,25,50,50,6.8,735.9,29.5
1818,sorghum,25,50,50,6.8,735.9,30.4
1819,sorghum,25,50,50,6.8,735.9,31.3
1820,sorghum,25,50,50,6.8,735.9,32.2
1821,sorghum,25,50,50,6.8,735.9,33.1
1822,sorghum,25,50,50,6.8,735.9,34.0
1823,sorghum,25,50,50,6.8,735.9,34.9
1824,sorghum,25,50,50,6.8,736.8,25.0
1825,sorghum,25,50,50,6.8,736.8,25.9
1826,sorghum,25,50,50,6.8,736.8,26.8
1827,sorghum,25,50,50,6.8,736.8,27.7
1828,sorghum,25,50,50,6.8,736.8,28.6
1829,sorghum,25,50,50,6.8,736.8,29.5
1830,sorghum,25,50,50,6.8,736.8,30.4
1831,sorghum,25,50,50,6.8,736.8,31.3
1832,sorghum,25,50,50,6.8,736.8,32.2
1833,sorghum,25,50,50,6.8,736.8,33.1
1834,sorghum,25,50,50,6.8,736.8,34.0
1835,sorghum,25,50,50,6.8,736.8,34.9
1836,sorghum,25,50,50,6.8,737.7,25.0
1837,sorghum,25,50,50,6.8,737.7,25.9
1838,sorghum,25,50,50,6.8,737.7,26.8
1839,sorghum,25,50,50,6.8,737.7,27.7
1840,sorghum,25,50,50,6.8,737.7,28.6
1841,sorghum,25,50,50,6.8,737.7,29.5
1842,sorghum,25,50,50,6.8,737.7,30.4
1843,sorghum,25,50,50,6.8,737.7,31.3
1844,sorghum,25,50,50,6.8,737.7,32.2
1845,sorghum,25,50,50,6.8,737.7,33.1
1846,sorghum,25,50,50,6.8,737.7,34.0
1847,sorghum,25,50,50,6.8,737.7,34.9
1848,sorghum,25,50,50,6.8,738.6,25.0
1849,sorghum,25,50,50,6.8,738.6,25.9
1850,sorghum,25,50,50,6.8,738.6,26.8
1851,sorghum,25,50,50,6.8,738.6,27.7
1852,sorghum,25,50,50,6.8,738.6,28.6
1853,sorghum,25,50,50,6.8,738.6,29.5
1854,sorghum,25,50,50,6.8,738.6,30.4
1855,sorghum,25,50,50,6.8,738.6,31.3
1856,sorghum,25,50,50,6.8,738.6,32.2
1857,sorghum,25,50,50,6.8,738.6,33.1
1858,sorghum,25,50,50,6.8,738.6,34.0
1859,sorghum,25,50,50,6.8,738.6,34.9
1860,sorghum,25,50,50,6.8,739.5,25.0
1861,sorghum,25,50,50,6.8,739.5,25.9
1862,sorghum,25,50,50,6.8,739.5,26.8
1863,sorghum,25,50,50,6.8,739.5,27.7
1864,sorghum,25,50,50,6.8,739.5,28.6
1865,sorghum,25,50,50,6.8,739.5,29.5
1866,sorghum,25,50,50,6.8,739.5,30.4
1867,sorghum,25,50,50,6.8,739.5,31.3
1868,sorghum,25,50,50,6.8,739.5,32.2
1869,sorghum,25,50,50,6.8,739.5,33.1
1870,sorghum,25,50,50,6.8,739.5,34.0
1871,sorghum,25,50,50,6.8,739.5,34.9
1872,sorghum,25,50,50,6.8,740.4,25.0
1873,sorghum,25,50,50,6.8,740.4,25.9
1874,sorghum,25,50,50,6.8,740.4,26.8
1875,sorghum,25,50,50,6.8,740.4,27.7
1876,sorghum,25,50,50,6.8,740.4,28.6
1877,sorghum,25,50,50,6.8,740.4,29.5
1878,sorghum,25,50,50,6.8,740.4,30.4
1879,sorghum,25,50,50,6.8,740.4,31.3
1880,sorghum,25,50,50,6.8,740.4,32.2
1881,sorghum,25,50,50,6.8,740.4,33.1
1882,sorghum,25,50,50,6.8,740.4,34.0
1883,sorghum,25,50,50,6.8,740.4,34.9
1884,sorghum,25,50,50,6.8,741.3,25.0
1885,sorghum,25,50,50,6.8,741.3,25.9
1886,sorghum,25,50,50,6.8,741.3,26.8
1887,sorghum,25,50,50,6.8,741.3,27.7
1888,sorghum,25,50,50,6.8,741.3,28.6
1889,sorghum,25,50,50,6.8,741.3,29.5
1890,sorghum,25,50,50,6.8,741.3,30.4
1891,sorghum,25,50,50,6.8,741.3,31.3
1892,sorghum,25,50,50,6.8,741.3,32.2
1893,sorghum,25,50,50,6.8,741.3,33.1
1894,sorghum,25,50,50,6.8,741.3,34.0
1895,sorghum,25,50,50,6.8,741.3,34.9
1896,sorghum,25,50,50,6.8,742.2,25.0
1897,sorghum,25,50,50,6.8,742.2,25.9
1898,sorghum,25,50,50,6.8,742.2,26.8
1899,sorghum,25,50,50,6.8,742.2,27.7
1900,sorghum,25,50,50,6.8,742.2,28.6
1901,sorghum,25,50,50,6.8,742.2,29.5
1902,sorghum,25,50,50,6.8,742.2,30.4
1903,sorghum,25,50,50,6.8,742.2,31.3
1904,sorghum,25,50,50,6.8,742.2,32.2
1905,sorghum,25,50,50,6.8,742.2,33.1
1906,sorghum,25,50,50,6.8,742.2,34.0
1907,sorghum,25,50,50,6.8,742.2,34.9
1908,sorghum,25,50,50,6.8,743.1,25.0
1909,sorghum,25,50,50,6.8,743.1,25.9
1910,sorghum,25,50,50,6.8,743.1,26.8
1911,sorghum,25,50,50,6.8,743.1,27.7
1912,sorghum,25,50,50,6.8,743.1,28.6
1913,sorghum,25,50,50,6.8,743.1,29.5
1914,sorghum,25,50,50,6.8,743.1,30.4
1915,sorghum,25,50,50,6.8,743.1,31.3
1916,sorghum,25,50,50,6.8,743.1,32.2
1917,sorghum,25,50,50,6.8,743.1,33.1
1918,sorghum,25,50,50,6.8,743.1,34.0
1919,sorghum,25,50,50,6.8,743.1,34.9
1920,sorghum,25,50,50,6.8,744.0,25.0
1921,sorghum,25,50,50,6.8,744.0,25.9
1922,sorghum,25,50,50,6.8,744.0,26.8
1923,sorghum,25,50,50,6.8,744.0,27.7
1924,sorghum,25,50,50,6.8,744.0,28.6
1925,sorghum,25,50,50,6.8,744.0,29.5
1926,sorghum,25,50,50,6.8,744.0,30.4
1927,sorghum,25,50,50,6.8,744.0,31.3
1928,sorghum,25,50,50,6.8,744.0,32.2
1929,sorghum,25,50,50,6.8,744.0,33.1
1930,sorghum,25,50,50,6.8,744.0,34.0
1931,sorghum,25,50,50,6.8,744.0,34.9
1932,sorghum,25,50,50,6.8,744.9,25.0
1933,sorghum,25,50,50,6.8,744.9,25.9
1934,sorghum,25,50,50,6.8,744.9,26.8
1935,sorghum,25,50,50,6.8,744.9,27.7
1936,sorghum,25,50,50,6.8,744.9,28.6
1937,sorghum,25,50,50,6.8,744.9,29.5
1938,sorghum,25,50,50,6.8,744.9,30.4
1939,sorghum,25,50,50,6.8,744.9,31.3
1940,sorghum,25,50,50,6.8,744.9,32.2
1941,sorghum,25,50,50,6.8,744.9,33.1
1942,sorghum,25,50,50,6.8,744.9,34.0
1943,sorghum,25,50,50,6.8,744.9,34.9
1944,sorghum,25,50,50,6.8,745.8,25.0
1945,sorghum,25,50,50,6.8,745.8,25.9
1946,sorghum,25,50,50,6.8,745.8,26.8
1947,sorghum,25,50,50,6.8,745.8,27.7
1948,sorghum,25,50,50,6.8,745.8,28.6
1949,sorghum,25,50,50,6.8,745.8,29.5
1950,sorghum,25,50,50,6.8,745.8,30.4
1951,sorghum,25,50,50,6.8,745.8,31.3
1952,sorghum,25,50,50,6.8,745.8,32.2
1953,sorghum,25,50,50,6.8,745.8,33.1
1954,sorghum,25,50,50,6.8,745.8,34.0
1955,sorghum,25,50,50,6.8,745.8,34.9
1956,sorghum,25,50,50,6.8,746.7,25.0
1957,sorghum,25,50,50,6.8,746.7,25.9
1958,sorghum,25,50,50,6.8,746.7,26.8
1959,sorghum,25,50,50,6.8,746.7,27.7
1960,sorghum,25,50,50,6.8,746.7,28.6
1961,sorghum,25,50,50,6.8,746.7,29.5
1962,sorghum,25,50,50,6.8,746.7,30.4
1963,sorghum,25,50,50,6.8,746.7,31.3
1964,sorghum,25,50,50,6.8,746.7,32.2
1965,sorghum,25,50,50,6.8,746.7,33.1
1966,sorghum,25,50,50,6.8,746.7,34.0
1967,sorghum,25,50,50,6.8,746.7,34.9
1968,sorghum,25,50,50,6.8,747.6,25.0
1969,sorghum,25,50,50,6.8,747.6,25.9
1970,sorghum,25,50,50,6.8,747.6,26.8
1971,sorghum,25,50,50,6.8,747.6,27.7
1972,sorghum,25,50,50,6.8,747.6,28.6
1973,sorghum,25,50,50,6.8,747.6,29.5
1974,sorghum,25,50,50,6.8,747.6,30.4
1975,sorghum,25,50,50,6.8,747.6,31.3
1976,sorghum,25,50,50,6.8,747.6,32.2
1977,sorghum,25,50,50,6.8,747.6,33.1
1978,sorghum,25,50,50,6.8,747.6,34.0
1979,sorghum,25,50,50,6.8,747.6,34.9
1980,sorghum,25,50,50,6.8,748.5,25.0
1981,sorghum,25,50,50,6.8,748.5,25.9
1982,sorghum,25,50,50,6.8,748.5,26.8
1983,sorghum,25,50,50,6.8,748.5,27.7
1984,sorghum,25,50,50,6.8,748.5,28.6
1985,sorghum,25,50,50,6.8,748.5,29.5
1986,sorghum,25,50,50,6.8,748.5,30.4
1987,sorghum,25,50,50,6.8,748.5,31.3
1988,sorghum,25,50,50,6.8,748.5,32.2
1989,sorghum,25,50,50,6.8,748.5,33.1
1990,sorghum,25,50,50,6.8,748.5,34.0
1991,sorghum,25,50,50,6.8,748.5,34.9
1992,sorghum,25,50,50,6.8,749.4,25.0
1993,sorghum,25,50,50,6.8,749.4,25.9
1994,sorghum,25,50,50,6.8,749.4,26.8
1995,sorghum,25,50,50,6.8,749.4,27.7
1996,sorghum,25,50,50,6.8,749.4,28.6
1997,sorghum,25,50,50,6.8,749.4,29.5
1998,sorghum,25,50,50,6.8,749.4,30.4
1999,sorghum,25,50,50,6.8,749.4,31.3
2000,sorghum,25,50,50,6.8,749.4,32.2
2001,sorghum,25,50,50,6.8,749.4,33.1
2002,sorghum,25,50,50,6.8,749.4,34.0
2003,sorghum,25,50,50,6.8,749.4,34.9
2004,sorghum,25,50,50,6.8,750.3,25.0
2005,sorghum,25,50,50,6.8,750.3,25.9
2006,sorghum,25,50,50,6.8,750.3,26.8
2007,sorghum,25,50,50,6.8,750.3,27.7
2008,sorghum,25,50,50,6.8,750.3,28.6
2009,sorghum,25,50,50,6.8,750.3,29.5
2010,sorghum,25,50,50,6.8,750.3,30.4
2011,sorghum,25,50,50,6.8,750.3,31.3
2012,sorghum,25,50,50,6.8,750.3,32.2
2013,sorghum,25,50,50,6.8,750.3,33.1
2014,sorghum,25,50,50,6.8,750.3,34.0
2015,sorghum,25,50,50,6.8,750.3,34.9
2016,sorghum,25,50,50,6.8,751.2,25.0
2017,sorghum,25,50,50,6.8,751.2,25.9
2018,sorghum,25,50,50,6.8,751.2,26.8
2019,sorghum,25,50,50,6.8,751.2,27.7
2020,sorghum,25,50,50,6.8,751.2,28.6
2021,sorghum,25,50,50,6.8,751.2,29.5
2022,sorghum,25,50,50,6.8,751.2,30.4
2023,sorghum,25,50,50,6.8,751.2,31.3
2024,sorghum,25,50,50,6.8,751.2,32.2
2025,sorghum,25,50,50,6.8,751.2,33.1
2026,sorghum,25,50,50,6.8,751.2,34.0
2027,sorghum,25,50,50,6.8,751.2,34.9
2028,sorghum,25,50,50,6.8,752.1,25.0
2029,sorghum,25,50,50,6.8,752.1,25.9
2030,sorghum,25,50,50,6.8,752.1,26.8
2031,sorghum,25,50,50,6.8,752.1,27.7
2032,sorghum,25,50,50,6.8,752.1,28.6
2033,sorghum,25,50,50,6.8,752.1,29.5
2034,sorghum,25,50,50,6.8,752.1,30.4
2035,sorghum,25,50,50,6.8,752.1,31.3
2036,sorghum,25,50,50,6.8,752.1,32.2
2037,sorghum,25,50,50,6.8,752.1,33.1
2038,sorghum,25,50,50,6.8,752.1,34.0
2039,sorghum,25,50,50,6.8,752.1,34.9
2040,sorghum,25,50,50,6.8,753.0,25.0
2041,sorghum,25,50,50,6.8,753.0,25.9
2042,sorghum,25,50,50,6.8,753.0,26.8
2043,sorghum,25,50,50,6.8,753.0,27.7
2044,sorghum,25,50,50,6.8,753.0,28.6
2045,sorghum,25,50,50,6.8,753.0,29.5
2046,sorghum,25,50,50,6.8,753.0,30.4
2047,sorghum,25,50,50,6.8,753.0,31.3
2048,sorghum,25,50,50,6.8,753.0,32.2
2049,sorghum,25,50,50,6.8,753.0,33.1
2050,sorghum,25,50,50,6.8,753.0,34.0
2051,sorghum,25,50,50,6.8,753.0,34.9
2052,sorghum,25,50,50,6.8,753.9,25.0
2053,sorghum,25,50,50,6.8,753.9,25.9
2054,sorghum,25,50,50,6.8,753.9,26.8
2055,sorghum,25,50,50,6.8,753.9,27.7
2056,sorghum,25,50,50,6.8,753.9,28.6
2057,sorghum,25,50,50,6.8,753.9,29.5
2058,sorghum,25,50,50,6.8,753.9,30.4
2059,sorghum,25,50,50,6.8,753.9,31.3
2060,sorghum,25,50,50,6.8,753.9,32.2
2061,sorghum,25,50,50,6.8,753.9,33.1
2062,sorghum,25,50,50,6.8,753.9,34.0
2063,sorghum,25,50,50,6.8,753.9,34.9
2064,sorghum,25,50,50,6.8,754.8,25.0
2065,sorghum,25,50,50,6.8,754.8,25.9
2066,sorghum,25,50,50,6.8,754.8,26.8
2067,sorghum,25,50,50,6.8,754.8,27.7
2068,sorghum,25,50,50,6.8,754.8,28.6
2069,sorghum,25,50,50,6.8,754.8,29.5
2070,sorghum,25,50,50,6.8,754.8,30.4
2071,sorghum,25,50,50,6.8,754.8,31.3
2072,sorghum,25,50,50,6.8,754.8,32.2
2073,sorghum,25,50,50,6.8,754.8,33.1
2074,sorghum,25,50,50,6.8,754.8,34.0
2075,sorghum,25,50,50,6.8,754.8,34.9
2076,sorghum,25,50,50,6.8,755.7,25.0
2077,sorghum,25,50,50,6.8,755.7,25.9
2078,sorghum,25,50,50,6.8,755.7,26.8
2079,sorghum,25,50,50,6.8,755.7,27.7
2080,sorghum,25,50,50,6.8,755.7,28.6
2081,sorghum,25,50,50,6.8,755.7,29.5
2082,sorghum,25,50,50,6.8,755.7,30.4
2083,sorghum,25,50,50,6.8,755.7,31.3
2084,sorghum,25,50,50,6.8,755.7,32.2
2085,sorghum,25,50,50,6.8,755.7,33.1
2086,sorghum,25,50,50,6.8,755.7,34.0
2087,sorghum,25,50,50,6.8,755.7,34.9
2088,sorghum,25,50,50,6.8,756.6,25.0
2089,sorghum,25,50,50,6.8,756.6,25.9
2090,sorghum,25,50,50,6.8,756.6,26.8
2091,sorghum,25,50,50,6.8,756.6,27.7
2092,sorghum,25,50,50,6.8,756.6,28.6
2093,sorghum,25,50,50,6.8,756.6,29.5
2094,sorghum,25,50,50,6.8,756.6,30.4
2095,sorghum,25,50,50,6.8,756.6,31.3
2096,sorghum,25,50,50,6.8,756.6,32.2
2097,sorghum,25,50,50,6.8,756.6,33.1
2098,sorghum,25,50,50,6.8,756.6,34.0
2099,sorghum,25,50,50,6.8,756.6,34.9
2100,sorghum,25,50,50,6.8,757.5,25.0
2101,sorghum,25,50,50,6.8,757.5,25.9
2102,sorghum,25,50,50,6.8,757.5,26.8
2103,sorghum,25,50,50,6.8,757.5,27.7
2104,sorghum,25,50,50,6.8,757.5,28.6
2105,sorghum,25,50,50,6.8,757.5,29.5
2106,sorghum,25,50,50,6.8,757.5,30.4
2107,sorghum,25,50,50,6.8,757.5,31.3
2108,sorghum,25,50,50,6.8,757.5,32.2
2109,sorghum,25,50,50,6.8,757.5,33.1
2110,sorghum,25,50,50,6.8,757.5,34.0
2111,sorghum,25,50,50,6.8,757.5,34.9
2112,sorghum,25,50,50,6.8,758.4,25.0
2113,sorghum,25,50,50,6.8,758.4,25.9
2114,sorghum,25,50,50,6.8,758.4,26.8
2115,sorghum,25,50,50,6.8,758.4,27.7
2116,sorghum,25,50,50,6.8,758.4,28.6
2117,sorghum,25,50,50,6.8,758.4,29.5
2118,sorghum,25,50,50,6.8,758.4,30.4
2119,sorghum,25,50,50,6.8,758.4,31.3
2120,sorghum,25,50,50,6.8,758.4,32.2
2121,sorghum,25,50,50,6.8,758.4,33.1
2122,sorghum,25,50,50,6.8,758.4,34.0
2123,sorghum,25,50,50,6.8,758.4,34.9
2124,sorghum,25,50,50,6.8,759.3,25.0
2125,sorghum,25,50,50,6.8,759.3,25.9
2126,sorghum,25,50,50,6.8,759.3,26.8
2127,sorghum,25,50,50,6.8,759.3,27.7
2128,sorghum,25,50,50,6.8,759.3,28.6
2129,sorghum,25,50,50,6.8,759.3,29.5
2130,sorghum,25,50,50,6.8,759.3,30.4
2131,sorghum,25,50,50,6.8,759.3,31.3
2132,sorghum,25,50,50,6.8,759.3,32.2
2133,sorghum,25,50,50,6.8,759.3,33.1
2134,sorghum,25,50,50,6.8,759.3,34.0
2135,sorghum,25,50,50,6.8,759.3,34.9
2136,sorghum,25,50,50,6.8,760.2,25.0
2137,sorghum,25,50,50,6.8,760.2,25.9
2138,sorghum,25,50,50,6.8,760.2,26.8
2139,sorghum,25,50,50,6.8,760.2,27.7
2140,sorghum,25,50,50,6.8,760.2,28.6
2141,sorghum,25,50,50,6.8,760.2,29.5
2142,sorghum,25,50,50,6.8,760.2,30.4
2143,sorghum,25,50,50,6.8,760.2,31.3
2144,sorghum,25,50,50,6.8,760.2,32.2
2145,sorghum,25,50,50,6.8,760.2,33.1
2146,sorghum,25,50,50,6.8,760.2,34.0
2147,sorghum,25,50,50,6.8,760.2,34.9
2148,sorghum,25,50,50,6.8,761.1,25.0
2149,sorghum,25,50,50,6.8,761.1,25.9
2150,sorghum,25,50,50,6.8,761.1,26.8
2151,sorghum,25,50,50,6.8,761.1,27.7
2152,sorghum,25,50,50,6.8,761.1,28.6
2153,sorghum,25,50,50,6.8,761.1,29.5
2154,sorghum,25,50,50,6.8,761.1,30.4
2155,sorghum,25,50,50,6.8,761.1,31.3
2156,sorghum,25,50,50,6.8,761.1,32.2
2157,sorghum,25,50,50,6.8,761.1,33.1
2158,sorghum,25,50,50,6.8,761.1,34.0
2159,sorghum,25,50,50,6.8,761.1,34.9
2160,sorghum,25,50,50,6.8,762.0,25.0
2161,sorghum,25,50,50,6.8,762.0,25.9
2162,sorghum,25,50,50,6.8,762.0,26.8
2163,sorghum,25,50,50,6.8,762.0,27.7
2164,sorghum,25,50,50,6.8,762.0,28.6
2165,sorghum,25,50,50,6.8,762.0,29.5
2166,sorghum,25,50,50,6.8,762.0,30.4
2167,sorghum,25,50,50,6.8,762.0,31.3
2168,sorghum,25,50,50,6.8,762.0,32.2
2169,sorghum,25,50,50,6.8,762.0,33.1
2170,sorghum,25,50,50,6.8,762.0,34.0
2171,sorghum,25,50,50,6.8,762.0,34.9
2172,sorghum,25,50,50,6.8,762.9,25.0
2173,sorghum,25,50,50,6.8,762.9,25.9
2174,sorghum,25,50,50,6.8,762.9,26.8
2175,sorghum,25,50,50,6.8,762.9,27.7
2176,sorghum,25,50,50,6.8,762.9,28.6
2177,sorghum,25,50,50,6.8,762.9,29.5
2178,sorghum,25,50,50,6.8,762.9,30.4
2179,sorghum,25,50,50,6.8,762.9,31.3
2180,sorghum,25,50,50,6.8,762.9,32.2
2181,sorghum,25,50,50,6.8,762.9,33.1
2182,sorghum,25,50,50,6.8,762.9,34.0
2183,sorghum,25,50,50,6.8,762.9,34.9
2184,sorghum,25,50,50,6.8,763.8,25.0
2185,sorghum,25,50,50,6.8,763.8,25.9
2186,sorghum,25,50,50,6.8,763.8,26.8
2187,sorghum,25,50,50,6.8,763.8,27.7
2188,sorghum,25,50,50,6.8,763.8,28.6
2189,sorghum,25,50,50,6.8,763.8,29.5
2190,sorghum,25,50,50,6.8,763.8,30.4
2191,sorghum,25,50,50,6.8,763.8,31.3
2192,sorghum,25,50,50,6.8,763.8,32.2
2193,sorghum,25,50,50,6.8,763.8,33.1
2194,sorghum,25,50,50,6.8,763.8,34.0
2195,sorghum,25,50,50,6.8,763.8,34.9
2196,sorghum,25,50,50,6.8,764.7,25.0
2197,sorghum,25,50,50,6.8,764.7,25.9
2198,sorghum,25,50,50,6.8,764.7,26.8
2199,sorghum,25,50,50,6.8,764.7,27.7
2200,sorghum,25,50,50,6.8,764.7,28.6
2201,sorghum,25,50,50,6.8,764.7,29.5
2202,sorghum,25,50,50,6.8,764.7,30.4
2203,sorghum,25,50,50,6.8,764.7,31.3
2204,sorghum,25,50,50,6.8,764.7,32.2
2205,sorghum,25,50,50,6.8,764.7,33.1
2206,sorghum,25,50,50,6.8,764.7,34.0
2207,sorghum,25,50,50,6.8,764.7,34.9
2208,sorghum,25,50,50,6.8,765.6,25.0
2209,sorghum,25,50,50,6.8,765.6,25.9
2210,sorghum,25,50,50,6.8,765.6,26.8
2211,sorghum,25,50,50,6.8,765.6,27.7
2212,sorghum,25,50,50,6.8,765.6,28.6
2213,sorghum,25,50,50,6.8,765.6,29.5
2214,sorghum,25,50,50,6.8,765.6,30.4
2215,sorghum,25,50,50,6.8,765.6,31.3
2216,sorghum,25,50,50,6.8,765.6,32.2
2217,sorghum,25,50,50,6.8,765.6,33.1
2218,sorghum,25,50,50,6.8,765.6,34.0
2219,sorghum,25,50,50,6.8,765.6,34.9
2220,sorghum,25,50,50,6.8,766.5,25.0
2221,sorghum,25,50,50,6.8,766.5,25.9
2222,sorghum,25,50,50,6.8,766.5,26.8
2223,sorghum,25,50,50,6.8,766.5,27.7
2224,sorghum,25,50,50,6.8,766.5,28.6
2225,sorghum,25,50,50,6.8,766.5,29.5
2226,sorghum,25,50,50,6.8,766.5,30.4
2227,sorghum,25,50,50,6.8,766.5,31.3
2228,sorghum,25,50,50,6.8,766.5,32.2
2229,sorghum,25,50,50,6.8,766.5,33.1
2230,sorghum,25,50,50,6.8,766.5,34.0
2231,sorghum,25,50,50,6.8,766.5,34.9
2232,sorghum,25,50,50,6.8,767.4,25.0
2233,sorghum,25,50,50,6.8,767.4,25.9
2234,sorghum,25,50,50,6.8,767.4,26.8
2235,sorghum,25,50,50,6.8,767.4,27.7
2236,sorghum,25,50,50,6.8,767.4,28.6
2237,sorghum,25,50,50,6.8,767.4,29.5
2238,sorghum,25,50,50,6.8,767.4,30.4
2239,sorghum,25,50,50,6.8,767.4,31.3
2240,sorghum,25,50,50,6.8,767.4,32.2
2241,sorghum,25,50,50,6.8,767.4,33.1
2242,sorghum,25,50,50,6.8,767.4,34.0
2243,sorghum,25,50,50,6.8,767.4,34.9
2244,sorghum,25,50,50,6.8,768.3,25.0
2245,sorghum,25,50,50,6.8,768.3,25.9
2246,sorghum,25,50,50,6.8,768.3,26.8
2247,sorghum,25,50,50,6.8,768.3,27.7
2248,sorghum,25,50,50,6.8,768.3,28.6
2249,sorghum,25,50,50,6.8,768.3,29.5
2250,sorghum,25,50,50,6.8,768.3,30.4
2251,sorghum,25,50,50,6.8,768.3,31.3
2252,sorghum,25,50,50,6.8,768.3,32.2
2253,sorghum,25,50,50,6.8,768.3,33.1
2254,sorghum,25,50,50,6.8,768.3,34.0
2255,sorghum,25,50,50,6.8,768.3,34.9
2256,sorghum,25,50,50,6.8,769.2,25.0
2257,sorghum,25,50,50,6.8,769.2,25.9
2258,sorghum,25,50,50,6.8,769.2,26.8
2259,sorghum,25,50,50,6.8,769.2,27.7
2260,sorghum,25,50,50,6.8,769.2,28.6
2261,sorghum,25,50,50,6.8,769.2,29.5
2262,sorghum,25,50,50,6.8,769.2,30.4
2263,sorghum,25,50,50,6.8,769.2,31.3
2264,sorghum,25,50,50,6.8,769.2,32.2
2265,sorghum,25,50,50,6.8,769.2,33.1
2266,sorghum,25,50,50,6.8,769.2,34.0
2267,sorghum,25,50,50,6.8,769.2,34.9
2268,sorghum,25,50,50,6.8,770.1,25.0
2269,sorghum,25,50,50,6.8,770.1,25.9
2270,sorghum,25,50,50,6.8,770.1,26.8
2271,sorghum,25,50,50,6.8,770.1,27.7
2272,sorghum,25,50,50,6.8,770.1,28.6
2273,sorghum,25,50,50,6.8,770.1,29.5
2274,sorghum,25,50,50,6.8,770.1,30.4
2275,sorghum,25,50,50,6.8,770.1,31.3
2276,sorghum,25,50,50,6.8,770.1,32.2
2277,sorghum,25,50,50,6.8,770.1,33.1
2278,sorghum,25,50,50,6.8,770.1,34.0
2279,sorghum,25,50,50,6.8,770.1,34.9
2280,sorghum,25,50,50,6.8,771.0,25.0
2281,sorghum,25,50,50,6.8,771.0,25.9
2282,sorghum,25,50,50,6.8,771.0,26.8
2283,sorghum,25,50,50,6.8,771.0,27.7
2284,sorghum,25,50,50,6.8,771.0,28.6
2285,sorghum,25,50,50,6.8,771.0,29.5
2286,sorghum,25,50,50,6.8,771.0,30.4
2287,sorghum,25,50,50,6.8,771.0,31.3
2288,sorghum,25,50,50,6.8,771.0,32.2
2289,sorghum,25,50,50,6.8,771.0,33.1
2290,sorghum,25,50,50,6.8,771.0,34.0
2291,sorghum,25,50,50,6.8,771.0,34.9
2292,sorghum,25,50,50,6.8,771.9,25.0
2293,sorghum,25,50,50,6.8,771.9,25.9
2294,sorghum,25,50,50,6.8,771.9,26.8
2295,sorghum,25,50,50,6.8,771.9,27.7
2296,sorghum,25,50,50,6.8,771.9,28.6
2297,sorghum,25,50,50,6.8,771.9,29.5
2298,sorghum,25,50,50,6.8,771.9,30.4
2299,sorghum,25,50,50,6.8,771.9,31.3
2300,sorghum,25,50,50,6.8,771.9,32.2
2301,sorghum,25,50,50,6.8,771.9,33.1
2302,sorghum,25,50,50,6.8,771.9,34.0
2303,sorghum,25,50,50,6.8,771.9,34.9
2304,sorghum,25,50,50,6.8,772.8,25.0
2305,sorghum,25,50,50,6.8,772.8,25.9
2306,sorghum,25,50,50,6.8,772.8,26.8
2307,sorghum,25,50,50,6.8,772.8,27.7
2308,sorghum,25,50,50,6.8,772.8,28.6
2309,sorghum,25,50,50,6.8,772.8,29.5
2310,sorghum,25,50,50,6.8,772.8,30.4
2311,sorghum,25,50,50,6.8,772.8,31.3
2312,sorghum,25,50,50,6.8,772.8,32.2
2313,sorghum,25,50,50,6.8,772.8,33.1
2314,sorghum,25,50,50,6.8,772.8,34.0
2315,sorghum,25,50,50,6.8,772.8,34.9
2316,sorghum,25,50,50,6.8,773.7,25.0
2317,sorghum,25,50,50,6.8,773.7,25.9
2318,sorghum,25,50,50,6.8,773.7,26.8
2319,sorghum,25,50,50,6.8,773.7,27.7
2320,sorghum,25,50,50,6.8,773.7,28.6
2321,sorghum,25,50,50,6.8,773.7,29.5
2322,sorghum,25,50,50,6.8,773.7,30.4
2323,sorghum,25,50,50,6.8,773.7,31.3
2324,sorghum,25,50,50,6.8,773.7,32.2
2325,sorghum,25,50,50,6.8,773.7,33.1
2326,sorghum,25,50,50,6.8,773.7,34.0
2327,sorghum,25,50,50,6.8,773.7,34.9
2328,sorghum,25,50,50,6.8,774.6,25.0
2329,sorghum,25,50,50,6.8,774.6,25.9
2330,sorghum,25,50,50,6.8,774.6,26.8
2331,sorghum,25,50,50,6.8,774.6,27.7
2332,sorghum,25,50,50,6.8,774.6,28.6
2333,sorghum,25,50,50,6.8,774.6,29.5
2334,sorghum,25,50,50,6.8,774.6,30.4
2335,sorghum,25,50,50,6.8,774.6,31.3
2336,sorghum,25,50,50,6.8,774.6,32.2
2337,sorghum,25,50,50,6.8,774.6,33.1
2338,sorghum,25,50,50,6.8,774.6,34.0
2339,sorghum,25,50,50,6.8,774.6,34.9
2340,sorghum,25,50,50,6.8,775.5,25.0
2341,sorghum,25,50,50,6.8,775.5,25.9
2342,sorghum,25,50,50,6.8,775.5,26.8
2343,sorghum,25,50,50,6.8,775.5,27.7
2344,sorghum,25,50,50,6.8,775.5,28.6
2345,sorghum,25,50,50,6.8,775.5,29.5
2346,sorghum,25,50,50,6.8,775.5,30.4
2347,sorghum,25,50,50,6.8,775.5,31.3
2348,sorghum,25,50,50,6.8,775.5,32.2
2349,sorghum,25,50,50,6.8,775.5,33.1
2350,sorghum,25,50,50,6.8,775.5,34.0
2351,sorghum,25,50,50,6.8,775.5,34.9
2352,sorghum,25,50,50,6.8,776.4,25.0
2353,sorghum,25,50,50,6.8,776.4,25.9
2354,sorghum,25,50,50,6.8,776.4,26.8
2355,sorghum,25,50,50,6.8,776.4,27.7
2356,sorghum,25,50,50,6.8,776.4,28.6
2357,sorghum,25,50,50,6.8,776.4,29.5
2358,sorghum,25,50,50,6.8,776.4,30.4
2359,sorghum,25,50,50,6.8,776.4,31.3
2360,sorghum,25,50,50,6.8,776.4,32.2
2361,sorghum,25,50,50,6.8,776.4,33.1
2362,sorghum,25,50,50,6.8,776.4,34.0
2363,sorghum,25,50,50,6.8,776.4,34.9
2364,sorghum,25,50,50,6.8,777.3,25.0
2365,sorghum,25,50,50,6.8,777.3,25.9
2366,sorghum,25,50,50,6.8,777.3,26.8
2367,sorghum,25,50,50,6.8,777.3,27.7
2368,sorghum,25,50,50,6.8,777.3,28.6
2369,sorghum,25,50,50,6.8,777.3,29.5
2370,sorghum,25,50,50,6.8,777.3,30.4
2371,sorghum,25,50,50,6.8,777.3,31.3
2372,sorghum,25,50,50,6.8,777.3,32.2
2373,sorghum,25,50,50,6.8,777.3,33.1
2374,sorghum,25,50,50,6.8,777.3,34.0
2375,sorghum,25,50,50,6.8,777.3,34.9
2376,sorghum,25,50,50,6.8,778.2,25.0
2377,sorghum,25,50,50,6.8,778.2,25.9
2378,sorghum,25,50,50,6.8,778.2,26.8
2379,sorghum,25,50,50,6.8,778.2,27.7
2380,sorghum,25,50,50,6.8,778.2,28.6
2381,sorghum,25,50,50,6.8,778.2,29.5
2382,sorghum,25,50,50,6.8,778.2,30.4
2383,sorghum,25,50,50,6.8,778.2,31.3
2384,sorghum,25,50,50,6.8,778.2,32.2
2385,sorghum,25,50,50,6.8,778.2,33.1
2386,sorghum,25,50,50,6.8,778.2,34.0
2387,sorghum,25,50,50,6.8,778.2,34.9
2388,sorghum,25,50,50,6.8,779.1,25.0
2389,sorghum,25,50,50,6.8,779.1,25.9
2390,sorghum,25,50,50,6.8,779.1,26.8
2391,sorghum,25,50,50,6.8,779.1,27.7
2392,sorghum,25,50,50,6.8,779.1,28.6
2393,sorghum,25,50,50,6.8,779.1,29.5
2394,sorghum,25,50,50,6.8,779.1,30.4
2395,sorghum,25,50,50,6.8,779.1,31.3
2396,sorghum,25,50,50,6.8,779.1,32.2
2397,sorghum,25,50,50,6.8,779.1,33.1
2398,sorghum,25,50,50,6.8,779.1,34.0
2399,sorghum,25,50,50,6.8,779.1,34.9
2400,sorghum,25,50,50,6.8,780.0,25.0
2401,sorghum,25,50,50,6.8,780.0,25.9
2402,sorghum,25,50,50,6.8,780.0,26.8
2403,sorghum,25,50,50,6.8,780.0,27.7
2404,sorghum,25,50,50,6.8,780.0,28.6
2405,sorghum,25,50,50,6.8,780.0,29.5
2406,sorghum,25,50,50,6.8,780.0,30.4
2407,sorghum,25,50,50,6.8,780.0,31.3
2408,sorghum,25,50,50,6.8,780.0,32.2
2409,sorghum,25,50,50,6.8,780.0,33.1
2410,sorghum,25,50,50,6.8,780.0,34.0
2411,sorghum,25,50,50,6.8,780.0,34.9
2412,sorghum,25,50,50,6.8,780.9,25.0
2413,sorghum,25,50,50,6.8,780.9,25.9
2414,sorghum,25,50,50,6.8,780.9,26.8
2415,sorghum,25,50,50,6.8,780.9,27.7
2416,sorghum,25,50,50,6.8,780.9,28.6
2417,sorghum,25,50,50,6.8,780.9,29.5
2418,sorghum,25,50,50,6.8,780.9,30.4
2419,sorghum,25,50,50,6.8,780.9,31.3
2420,sorghum,25,50,50,6.8,780.9,32.2
2421,sorghum,25,50,50,6.8,780.9,33.1
2422,sorghum,25,50,50,6.8,780.9,34.0
2423,sorghum,25,50,50,6.8,780.9,34.9
2424,sorghum,25,50,50,6.8,781.8,25.0
2425,sorghum,25,50,50,6.8,781.8,25.9
2426,sorghum,25,50,50,6.8,781.8,26.8
2427,sorghum,25,50,50,6.8,781.8,27.7
2428,sorghum,25,50,50,6.8,781.8,28.6
2429,sorghum,25,50,50,6.8,781.8,29.5
2430,sorghum,25,50,50,6.8,781.8,30.4
2431,sorghum,25,50,50,6.8,781.8,31.3
2432,sorghum,25,50,50,6.8,781.8,32.2
2433,sorghum,25,50,50,6.8,781.8,33.1
2434,sorghum,25,50,50,6.8,781.8,34.0
2435,sorghum,25,50,50,6.8,781.8,34.9
2436,sorghum,25,50,50,6.8,782.7,25.0
2437,sorghum,25,50,50,6.8,782.7,25.9
2438,sorghum,25,50,50,6.8,782.7,26.8
2439,sorghum,25,50,50,6.8,782.7,27.7
2440,sorghum,25,50,50,6.8,782.7,28.6
2441,sorghum,25,50,50,6.8,782.7,29.5
2442,sorghum,25,50,50,6.8,782.7,30.4
2443,sorghum,25,50,50,6.8,782.7,31.3
2444,sorghum,25,50,50,6.8,782.7,32.2
2445,sorghum,25,50,50,6.8,782.7,33.1
2446,sorghum,25,50,50,6.8,782.7,34.0
2447,sorghum,25,50,50,6.8,782.7,34.9
2448,sorghum,25,50,50,6.8,783.6,25.0
2449,sorghum,25,50,50,6.8,783.6,25.9
2450,sorghum,25,50,50,6.8,783.6,26.8
2451,sorghum,25,50,50,6.8,783.6,27.7
2452,sorghum,25,50,50,6.8,783.6,28.6
2453,sorghum,25,50,50,6.8,783.6,29.5
2454,sorghum,25,50,50,6.8,783.6,30.4
2455,sorghum,25,50,50,6.8,783.6,31.3
2456,sorghum,25,50,50,6.8,783.6,32.2
2457,sorghum,25,50,50,6.8,783.6,33.1
2458,sorghum,25,50,50,6.8,783.6,34.0
2459,sorghum,25,50,50,6.8,783.6,34.9
2460,sorghum,25,50,50,6.8,784.5,25.0
2461,sorghum,25,50,50,6.8,784.5,25.9
2462,sorghum,25,50,50,6.8,784.5,26.8
2463,sorghum,25,50,50,6.8,784.5,27.7
2464,sorghum,25,50,50,6.8,784.5,28.6
2465,sorghum,25,50,50,6.8,784.5,29.5
2466,sorghum,25,50,50,6.8,784.5,30.4
2467,sorghum,25,50,50,6.8,784.5,31.3
2468,sorghum,25,50,50,6.8,784.5,32.2
2469,sorghum,25,50,50,6.8,784.5,33.1
2470,sorghum,25,50,50,6.8,784.5,34.0
2471,sorghum,25,50,50,6.8,784.5,34.9
2472,sorghum,25,50,50,6.8,785.4,25.0
2473,sorghum,25,50,50,6.8,785.4,25.9
2474,sorghum,25,50,50,6.8,785.4,26.8
2475,sorghum,25,50,50,6.8,785.4,27.7
2476,sorghum,25,50,50,6.8,785.4,28.6
2477,sorghum,25,50,50,6.8,785.4,29.5
2478,sorghum,25,50,50,6.8,785.4,30.4
2479,sorghum,25,50,50,6.8,785.4,31.3
2480,sorghum,25,50,50,6.8,785.4,32.2
2481,sorghum,25,50,50,6.8,785.4,33.1
2482,sorghum,25,50,50,6.8,785.4,34.0
2483,sorghum,25,50,50,6.8,785.4,34.9
2484,sorghum,25,50,50,6.8,786.3,25.0
2485,sorghum,25,50,50,6.8,786.3,25.9
2486,sorghum,25,50,50,6.8,786.3,26.8
2487,sorghum,25,50,50,6.8,786.3,27.7
2488,sorghum,25,50,50,6.8,786.3,28.6
2489,sorghum,25,50,50,6.8,786.3,29.5
2490,sorghum,25,50,50,6.8,786.3,30.4
2491,sorghum,25,50,50,6.8,786.3,31.3
2492,sorghum,25,50,50,6.8,786.3,32.2
2493,sorghum,25,50,50,6.8,786.3,33.1
2494,sorghum,25,50,50,6.8,786.3,34.0
2495,sorghum,25,50,50,6.8,786.3,34.9
2496,sorghum,25,50,50,6.8,787.2,25.0
2497,sorghum,25,50,50,6.8,787.2,25.9
2498,sorghum,25,50,50,6.8,787.2,26.8
2499,sorghum,25,50,50,6.8,787.2,27.7
2500,sorghum,25,50,50,6.8,787.2,28.6
2501,sorghum,25,50,50,6.8,787.2,29.5
2502,sorghum,25,50,50,6.8,787.2,30.4
2503,sorghum,25,50,50,6.8,787.2,31.3
2504,sorghum,25,50,50,6.8,787.2,32.2
2505,sorghum,25,50,50,6.8,787.2,33.1
2506,sorghum,25,50,50,6.8,787.2,34.0
2507,sorghum,25,50,50,6.8,787.2,34.9
2508,sorghum,25,50,50,6.8,788.1,25.0
2509,sorghum,25,50,50,6.8,788.1,25.9
2510,sorghum,25,50,50,6.8,788.1,26.8
2511,sorghum,25,50,50,6.8,788.1,27.7
2512,sorghum,25,50,50,6.8,788.1,28.6
2513,sorghum,25,50,50,6.8,788.1,29.5
2514,sorghum,25,50,50,6.8,788.1,30.4
2515,sorghum,25,50,50,6.8,788.1,31.3
2516,sorghum,25,50,50,6.8,788.1,32.2
2517,sorghum,25,50,50,6.8,788.1,33.1
2518,sorghum,25,50,50,6.8,788.1,34.0
2519,sorghum,25,50,50,6.8,788.1,34.9
2520,sorghum,25,50,50,6.8,789.0,25.0
2521,sorghum,25,50,50,6.8,789.0,25.9
2522,sorghum,25,50,50,6.8,789.0,26.8
2523,sorghum,25,50,50,6.8,789.0,27.7
2524,sorghum,25,50,50,6.8,789.0,28.6
2525,sorghum,25,50,50,6.8,789.0,29.5
2526,sorghum,25,50,50,6.8,789.0,30.4
2527,sorghum,25,50,50,6.8,789.0,31.3
2528,sorghum,25,50,50,6.8,789.0,32.2
2529,sorghum,25,50,50,6.8,789.0,33.1
2530,sorghum,25,50,50,6.8,789.0,34.0
2531,sorghum,25,50,50,6.8,789.0,34.9
2532,sorghum,25,50,50,6.8,789.9,25.0
2533,sorghum,25,50,50,6.8,789.9,25.9
2534,sorghum,25,50,50,6.8,789.9,26.8
2535,sorghum,25,50,50,6.8,789.9,27.7
2536,sorghum,25,50,50,6.8,789.9,28.6
2537,sorghum,25,50,50,6.8,789.9,29.5
2538,sorghum,25,50,50,6.8,789.9,30.4
2539,sorghum,25,50,50,6.8,789.9,31.3
2540,sorghum,25,50,50,6.8,789.9,32.2
2541,sorghum,25,50,50,6.8,789.9,33.1
2542,sorghum,25,50,50,6.8,789.9,34.0
2543,sorghum,25,50,50,6.8,789.9,34.9
2544,sorghum,25,50,50,6.8,790.8,25.0
2545,sorghum,25,50,50,6.8,790.8,25.9
2546,sorghum,25,50,50,6.8,790.8,26.8
2547,sorghum,25,50,50,6.8,790.8,27.7
2548,sorghum,25,50,50,6.8,790.8,28.6
2549,sorghum,25,50,50,6.8,790.8,29.5
2550,sorghum,25,50,50,6.8,790.8,30.4
2551,sorghum,25,50,50,6.8,790.8,31.3
2552,sorghum,25,50,50,6.8,790.8,32.2
2553,sorghum,25,50,50,6.8,790.8,33.1
2554,sorghum,25,50,50,6.8,790.8,34.0
2555,sorghum,25,50,50,6.8,790.8,34.9
2556,sorghum,25,50,50,6.8,791.7,25.0
2557,sorghum,25,50,50,6.8,791.7,25.9
2558,sorghum,25,50,50,6.8,791.7,26.8
2559,sorghum,25,50,50,6.8,791.7,27.7
2560,sorghum,25,50,50,6.8,791.7,28.6
2561,sorghum,25,50,50,6.8,791.7,29.5
2562,sorghum,25,50,50,6.8,791.7,30.4
2563,sorghum,25,50,50,6.8,791.7,31.3
2564,sorghum,25,50,50,6.8,791.7,32.2
2565,sorghum,25,50,50,6.8,791.7,33.1
2566,sorghum,25,50,50,6.8,791.7,34.0
2567,sorghum,25,50,50,6.8,791.7,34.9
2568,sorghum,25,50,50,6.8,792.6,25.0
2569,sorghum,25,50,50,6.8,792.6,25.9
2570,sorghum,25,50,50,6.8,792.6,26.8
2571,sorghum,25,50,50,6.8,792.6,27.7
2572,sorghum,25,50,50,6.8,792.6,28.6
2573,sorghum,25,50,50,6.8,792.6,29.5
2574,sorghum,25,50,50,6.8,792.6,30.4
2575,sorghum,25,50,50,6.8,792.6,31.3
2576,sorghum,25,50,50,6.8,792.6,32.2
2577,sorghum,25,50,50,6.8,792.6,33.1
2578,sorghum,25,50,50,6.8,792.6,34.0
2579,sorghum,25,50,50,6.8,792.6,34.9
2580,sorghum,25,50,50,6.8,793.5,25.0
2581,sorghum,25,50,50,6.8,793.5,25.9
2582,sorghum,25,50,50,6.8,793.5,26.8
2583,sorghum,25,50,50,6.8,793.5,27.7
2584,sorghum,25,50,50,6.8,793.5,28.6
2585,sorghum,25,50,50,6.8,793.5,29.5
2586,sorghum,25,50,50,6.8,793.5,30.4
2587,sorghum,25,50,50,6.8,793.5,31.3
2588,sorghum,25,50,50,6.8,793.5,32.2
2589,sorghum,25,50,50,6.8,793.5,33.1
2590,sorghum,25,50,50,6.8,793.5,34.0
2591,sorghum,25,50,50,6.8,793.5,34.9
2592,sorghum,25,50,50,6.8,794.4,25.0
2593,sorghum,25,50,50,6.8,794.4,25.9
2594,sorghum,25,50,50,6.8,794.4,26.8
2595,sorghum,25,50,50,6.8,794.4,27.7
2596,sorghum,25,50,50,6.8,794.4,28.6
2597,sorghum,25,50,50,6.8,794.4,29.5
2598,sorghum,25,50,50,6.8,794.4,30.4
2599,sorghum,25,50,50,6.8,794.4,31.3
2600,sorghum,25,50,50,6.8,794.4,32.2
2601,sorghum,25,50,50,6.8,794.4,33.1
2602,sorghum,25,50,50,6.8,794.4,34.0
2603,sorghum,25,50,50,6.8,794.4,34.9
2604,sorghum,25,50,50,6.8,795.3,25.0
2605,sorghum,25,50,50,6.8,795.3,25.9
2606,sorghum,25,50,50,6.8,795.3,26.8
2607,sorghum,25,50,50,6.8,795.3,27.7
2608,sorghum,25,50,50,6.8,795.3,28.6
2609,sorghum,25,50,50,6.8,795.3,29.5
2610,sorghum,25,50,50,6.8,795.3,30.4
2611,sorghum,25,50,50,6.8,795.3,31.3
2612,sorghum,25,50,50,6.8,795.3,32.2
2613,sorghum,25,50,50,6.8,795.3,33.1
2614,sorghum,25,50,50,6.8,795.3,34.0
2615,sorghum,25,50,50,6.8,795.3,34.9
2616,sorghum,25,50,50,6.8,796.2,25.0
2617,sorghum,25,50,50,6.8,796.2,25.9
2618,sorghum,25,50,50,6.8,796.2,26.8
2619,sorghum,25,50,50,6.8,796.2,27.7
2620,sorghum,25,50,50,6.8,796.2,28.6
2621,sorghum,25,50,50,6.8,796.2,29.5
2622,sorghum,25,50,50,6.8,796.2,30.4
2623,sorghum,25,50,50,6.8,796.2,31.3
2624,sorghum,25,50,50,6.8,796.2,32.2
2625,sorghum,25,50,50,6.8,796.2,33.1
2626,sorghum,25,50,50,6.8,796.2,34.0
2627,sorghum,25,50,50,6.8,796.2,34.9
2628,sorghum,25,50,50,6.8,797.1,25.0
2629,sorghum,25,50,50,6.8,797.1,25.9
2630,sorghum,25,50,50,6.8,797.1,26.8
2631,sorghum,25,50,50,6.8,797.1,27.7
2632,sorghum,25,50,50,6.8,797.1,28.6
2633,sorghum,25,50,50,6.8,797.1,29.5
2634,sorghum,25,50,50,6.8,797.1,30.4
2635,sorghum,25,50,50,6.8,797.1,31.3
2636,sorghum,25,50,50,6.8,797.1,32.2
2637,sorghum,25,50,50,6.8,797.1,33.1
2638,sorghum,25,50,50,6.8,797.1,34.0
2639,sorghum,25,50,50,6.8,797.1,34.9
2640,sorghum,25,50,50,6.8,798.0,25.0
2641,sorghum,25,50,50,6.8,798.0,25.9
2642,sorghum,25,50,50,6.8,798.0,26.8
2643,sorghum,25,50,50,6.8,798.0,27.7
2644,sorghum,25,50,50,6.8,798.0,28.6
2645,sorghum,25,50,50,6.8,798.0,29.5
2646,sorghum,25,50,50,6.8,798.0,30.4
2647,sorghum,25,50,50,6.8,798.0,31.3
2648,sorghum,25,50,50,6.8,798.0,32.2
2649,sorghum,25,50,50,6.8,798.0,33.1
2650,sorghum,25,50,50,6.8,798.0,34.0
2651,sorghum,25,50,50,6.8,798.0,34.9
2652,sorghum,25,50,50,6.8,798.9,25.0
2653,sorghum,25,50,50,6.8,798.9,25.9
2654,sorghum,25,50,50,6.8,798.9,26.8
2655,sorghum,25,50,50,6.8,798.9,27.7
2656,sorghum,25,50,50,6.8,798.9,28.6
2657,sorghum,25,50,50,6.8,798.9,29.5
2658,sorghum,25,50,50,6.8,798.9,30.4
2659,sorghum,25,50,50,6.8,798.9,31.3
2660,sorghum,25,50,50,6.8,798.9,32.2
2661,sorghum,25,50,50,6.8,798.9,33.1
2662,sorghum,25,50,50,6.8,798.9,34.0
2663,sorghum,25,50,50,6.8,798.9,34.9
2664,sorghum,25,50,50,6.8,799.8,25.0
2665,sorghum,25,50,50,6.8,799.8,25.9
2666,sorghum,25,50,50,6.8,799.8,26.8
2667,sorghum,25,50,50,6.8,799.8,27.7
2668,sorghum,25,50,50,6.8,799.8,28.6
2669,sorghum,25,50,50,6.8,799.8,29.5
2670,sorghum,25,50,50,6.8,799.8,30.4
2671,sorghum,25,50,50,6.8,799.8,31.3
2672,sorghum,25,50,50,6.8,799.8,32.2
2673,sorghum,25,50,50,6.8,799.8,33.1
2674,sorghum,25,50,50,6.8,799.8,34.0
2675,sorghum,25,50,50,6.8,799.8,34.9
